Country Name,Country Code,Series,Series Code,1970 [YR1970],1971 [YR1971],1972 [YR1972],1973 [YR1973],1974 [YR1974],1975 [YR1975],1976 [YR1976],1977 [YR1977],1978 [YR1978],1979 [YR1979],1980 [YR1980],1981 [YR1981],1982 [YR1982],1983 [YR1983],1984 [YR1984],1985 [YR1985],1986 [YR1986],1987 [YR1987],1988 [YR1988],1989 [YR1989],1990 [YR1990],1991 [YR1991],1992 [YR1992],1993 [YR1993],1994 [YR1994],1995 [YR1995],1996 [YR1996],1997 [YR1997],1998 [YR1998],1999 [YR1999],2000 [YR2000],2001 [YR2001],2002 [YR2002],2003 [YR2003],2004 [YR2004],2005 [YR2005],2006 [YR2006],2007 [YR2007],2008 [YR2008],2009 [YR2009],2010 [YR2010],2011 [YR2011],2012 [YR2012],2013 [YR2013],2014 [YR2014],2015 [YR2015],2016 [YR2016],2017 [YR2017],2018 [YR2018],2019 [YR2019],2020 [YR2020]
Afghanistan,AFG,"Adjusted net attendance rate, one year before the official primary entry age, adjusted gender parity index (GPIA)",UIS.NARA.AGM1.GPIA,..,..,..,..,..,..,..,..,..,..,..,..,..,..,..,..,..,..,..,..,..,..,..,..,..,..,..,..,..,..,..,..,..,..,..,..,..,..,..,..,..,0.78496,..,..,..,0.81778,..,..,..,..,..
Albania,ALB,"Adjusted net attendance rate, one year before the official primary entry age, adjusted gender parity index (GPIA)",UIS.NARA.AGM1.GPIA,..,..,..,..,..,..,..,..,..,..,..,..,..,..,..,..,..,..,..,..,..,..,..,..,..,..,..,..,..,..,..,..,..,..,..,..,..,..,..,0,..,..,..,..,..,..,..,1.02397,..,..,..
Algeria,DZA,"Adjusted net attendance rate, one year before the official primary entry age, adjusted gender parity index (GPIA)",UIS.NARA.AGM1.GPIA,..,..,..,..,..,..,..,..,..,..,..,..,..,..,..,..,..,..,..,..,..,..,..,..,..,..,..,..,..,..,..,..,..,..,..,..,..,..,..,..,..,..,..,1.04496,..,..,..,..,..,..,..
American Samoa,ASM,"Adjusted net attendance rate, one year before the official primary entry age, adjusted gender parity index (GPIA)",UIS.NARA.AGM1.GPIA,..,..,..,..,..,..,..,..,..,..,..,..,..,..,..,..,..,..,..,..,..,..,..,..,..,..,..,..,..,..,..,..,..,..,..,..,..,..,..,..,..,..,..,..,..,..,..,..,..,..,..
Andorra,AND,"Adjusted net attendance rate, one year before the official primary entry age, adjusted gender parity index (GPIA)",UIS.NARA.AGM1.GPIA,..,..,..,..,..,..,..,..,..,..,..,..,..,..,..,..,..,..,..,..,..,..,..,..,..,..,..,..,..,..,..,..,..,..,..,..,..,..,..,..,..,..,..,..,..,..,..,..,..,..,..
Angola,AGO,"Adjusted net attendance rate, one year before the official primary entry age, adjusted gender parity index (GPIA)",UIS.NARA.AGM1.GPIA,..,..,..,..,..,..,..,..,..,..,..,..,..,..,..,..,..,..,..,..,..,..,..,..,..,..,..,..,..,..,..,..,..,..,..,..,..,..,..,..,..,..,..,..,..,0.91796,..,..,..,..,..
Antigua and Barbuda,ATG,"Adjusted net attendance rate, one year before the official primary entry age, adjusted gender parity index (GPIA)",UIS.NARA.AGM1.GPIA,..,..,..,..,..,..,..,..,..,..,..,..,..,..,..,..,..,..,..,..,..,..,..,..,..,..,..,..,..,..,..,..,..,..,..,..,..,..,..,..,..,..,..,..,..,..,..,..,..,..,..
Arab World,ARB,"Adjusted net attendance rate, one year before the official primary entry age, adjusted gender parity index (GPIA)",UIS.NARA.AGM1.GPIA,..,..,..,..,..,..,..,..,..,..,..,..,..,..,..,..,..,..,..,..,..,..,..,..,..,..,..,..,..,..,..,..,..,..,..,..,..,..,..,..,..,..,..,..,..,..,..,..,..,..,..
Argentina,ARG,"Adjusted net attendance rate, one year before the official primary entry age, adjusted gender parity index (GPIA)",UIS.NARA.AGM1.GPIA,..,..,..,..,..,..,..,..,..,..,..,..,..,..,..,..,..,..,..,..,..,..,..,..,..,..,..,..,..,..,..,..,..,..,..,..,..,..,..,..,..,..,..,..,..,..,..,..,..,..,..
Armenia,ARM,"Adjusted net attendance rate, one year before the official primary entry age, adjusted gender parity index (GPIA)",UIS.NARA.AGM1.GPIA,..,..,..,..,..,..,..,..,..,..,..,..,..,..,..,..,..,..,..,..,..,..,..,..,..,..,..,..,..,..,..,..,..,..,..,..,0.84795,..,..,..,..,0.91532,..,..,..,..,1.17776,..,..,..,..
Aruba,ABW,"Adjusted net attendance rate, one year before the official primary entry age, adjusted gender parity index (GPIA)",UIS.NARA.AGM1.GPIA,..,..,..,..,..,..,..,..,..,..,..,..,..,..,..,..,..,..,..,..,..,..,..,..,..,..,..,..,..,..,..,..,..,..,..,..,..,..,..,..,..,..,..,..,..,..,..,..,..,..,..
Australia,AUS,"Adjusted net attendance rate, one year before the official primary entry age, adjusted gender parity index (GPIA)",UIS.NARA.AGM1.GPIA,..,..,..,..,..,..,..,..,..,..,..,..,..,..,..,..,..,..,..,..,..,..,..,..,..,..,..,..,..,..,..,..,..,..,..,..,..,..,..,..,..,..,..,..,..,..,..,..,..,..,..
Austria,AUT,"Adjusted net attendance rate, one year before the official primary entry age, adjusted gender parity index (GPIA)",UIS.NARA.AGM1.GPIA,..,..,..,..,..,..,..,..,..,..,..,..,..,..,..,..,..,..,..,..,..,..,..,..,..,..,..,..,..,..,..,..,..,..,..,..,..,..,..,..,..,..,..,..,..,..,..,..,..,..,..
Azerbaijan,AZE,"Adjusted net attendance rate, one year before the official primary entry age, adjusted gender parity index (GPIA)",UIS.NARA.AGM1.GPIA,..,..,..,..,..,..,..,..,..,..,..,..,..,..,..,..,..,..,..,..,..,..,..,..,..,..,..,..,..,..,..,..,..,..,..,..,1.15333,..,..,..,..,..,..,..,..,..,..,..,..,..,..
"Bahamas, The",BHS,"Adjusted net attendance rate, one year before the official primary entry age, adjusted gender parity index (GPIA)",UIS.NARA.AGM1.GPIA,..,..,..,..,..,..,..,..,..,..,..,..,..,..,..,..,..,..,..,..,..,..,..,..,..,..,..,..,..,..,..,..,..,..,..,..,..,..,..,..,..,..,..,..,..,..,..,..,..,..,..
Bahrain,BHR,"Adjusted net attendance rate, one year before the official primary entry age, adjusted gender parity index (GPIA)",UIS.NARA.AGM1.GPIA,..,..,..,..,..,..,..,..,..,..,..,..,..,..,..,..,..,..,..,..,..,..,..,..,..,..,..,..,..,..,..,..,..,..,..,..,..,..,..,..,..,..,..,..,..,..,..,..,..,..,..
Bangladesh,BGD,"Adjusted net attendance rate, one year before the official primary entry age, adjusted gender parity index (GPIA)",UIS.NARA.AGM1.GPIA,..,..,..,..,..,..,..,..,..,..,..,..,..,..,..,..,..,..,..,..,..,..,..,..,..,..,..,..,..,..,..,..,..,..,..,..,1.04479,..,..,..,..,1.01736,..,..,1.04011,..,..,..,..,1.03423,..
Barbados,BRB,"Adjusted net attendance rate, one year before the official primary entry age, adjusted gender parity index (GPIA)",UIS.NARA.AGM1.GPIA,..,..,..,..,..,..,..,..,..,..,..,..,..,..,..,..,..,..,..,..,..,..,..,..,..,..,..,..,..,..,..,..,..,..,..,..,..,..,..,..,..,..,0.96771,..,..,..,..,..,..,..,..
Belarus,BLR,"Adjusted net attendance rate, one year before the official primary entry age, adjusted gender parity index (GPIA)",UIS.NARA.AGM1.GPIA,..,..,..,..,..,..,..,..,..,..,..,..,..,..,..,..,..,..,..,..,..,..,..,..,..,..,..,..,..,..,..,..,..,..,..,..,..,..,..,..,..,..,0.95711,..,..,..,..,..,..,..,..
Belgium,BEL,"Adjusted net attendance rate, one year before the official primary entry age, adjusted gender parity index (GPIA)",UIS.NARA.AGM1.GPIA,..,..,..,..,..,..,..,..,..,..,..,..,..,..,..,..,..,..,..,..,..,..,..,..,..,..,..,..,..,..,..,..,..,..,..,..,..,..,..,..,..,..,..,..,..,..,..,..,..,..,..
Belize,BLZ,"Adjusted net attendance rate, one year before the official primary entry age, adjusted gender parity index (GPIA)",UIS.NARA.AGM1.GPIA,..,..,..,..,..,..,..,..,..,..,..,..,..,..,..,..,..,..,..,..,..,..,..,..,..,..,..,..,..,..,..,..,..,..,..,..,..,..,..,..,..,..,..,..,..,..,0,..,..,..,..
Benin,BEN,"Adjusted net attendance rate, one year before the official primary entry age, adjusted gender parity index (GPIA)",UIS.NARA.AGM1.GPIA,..,..,..,..,..,..,..,..,..,..,..,..,..,..,..,..,..,..,..,..,..,..,..,..,..,..,..,..,..,..,..,..,..,..,..,..,0.95121,..,..,..,..,0.98231,..,..,0.98743,..,..,..,0.95833,..,..
Bermuda,BMU,"Adjusted net attendance rate, one year before the official primary entry age, adjusted gender parity index (GPIA)",UIS.NARA.AGM1.GPIA,..,..,..,..,..,..,..,..,..,..,..,..,..,..,..,..,..,..,..,..,..,..,..,..,..,..,..,..,..,..,..,..,..,..,..,..,..,..,..,..,..,..,..,..,..,..,..,..,..,..,..
Bhutan,BTN,"Adjusted net attendance rate, one year before the official primary entry age, adjusted gender parity index (GPIA)",UIS.NARA.AGM1.GPIA,..,..,..,..,..,..,..,..,..,..,..,..,..,..,..,..,..,..,..,..,..,..,..,..,..,..,..,..,..,..,..,..,..,..,..,..,..,..,..,..,0.92129,..,..,..,..,..,..,..,..,..,..
Bolivia,BOL,"Adjusted net attendance rate, one year before the official primary entry age, adjusted gender parity index (GPIA)",UIS.NARA.AGM1.GPIA,..,..,..,..,..,..,..,..,..,..,..,..,..,..,..,..,..,..,..,..,..,..,..,..,..,..,..,..,..,..,1.16002,1.13019,0.99333,0.99473,1.00687,0.90078,1.01671,1.06395,0,0.9549,..,1.044,1.00627,1.02587,1.01694,0.98895,1.03679,1.0593,0.95745,..,..
Bosnia and Herzegovina,BIH,"Adjusted net attendance rate, one year before the official primary entry age, adjusted gender parity index (GPIA)",UIS.NARA.AGM1.GPIA,..,..,..,..,..,..,..,..,..,..,..,..,..,..,..,..,..,..,..,..,..,..,..,..,..,..,..,..,..,..,..,..,..,..,..,..,..,..,..,..,..,..,0.77609,..,..,..,..,..,..,..,..
Botswana,BWA,"Adjusted net attendance rate, one year before the official primary entry age, adjusted gender parity index (GPIA)",UIS.NARA.AGM1.GPIA,..,..,..,..,..,..,..,..,..,..,..,..,..,..,..,..,..,..,..,..,..,..,..,..,..,..,..,..,..,..,..,..,..,..,..,..,..,..,..,..,..,..,..,..,..,..,..,..,..,..,..
Brazil,BRA,"Adjusted net attendance rate, one year before the official primary entry age, adjusted gender parity index (GPIA)",UIS.NARA.AGM1.GPIA,..,..,..,..,..,..,..,..,..,..,..,..,..,..,..,..,..,..,..,..,..,..,..,..,..,..,..,..,..,..,..,1.02823,1.04468,1.02834,1.03233,1.01076,1.01858,1.00063,0.99061,0.99574,..,1.01649,1.01166,1.0028,1.01409,1.01886,1.00127,1.01359,1.0099,..,..
British Virgin Islands,VGB,"Adjusted net attendance rate, one year before the official primary entry age, adjusted gender parity index (GPIA)",UIS.NARA.AGM1.GPIA,..,..,..,..,..,..,..,..,..,..,..,..,..,..,..,..,..,..,..,..,..,..,..,..,..,..,..,..,..,..,..,..,..,..,..,..,..,..,..,..,..,..,..,..,..,..,..,..,..,..,..
Brunei Darussalam,BRN,"Adjusted net attendance rate, one year before the official primary entry age, adjusted gender parity index (GPIA)",UIS.NARA.AGM1.GPIA,..,..,..,..,..,..,..,..,..,..,..,..,..,..,..,..,..,..,..,..,..,..,..,..,..,..,..,..,..,..,..,..,..,..,..,..,..,..,..,..,..,..,..,..,..,..,..,..,..,..,..
Bulgaria,BGR,"Adjusted net attendance rate, one year before the official primary entry age, adjusted gender parity index (GPIA)",UIS.NARA.AGM1.GPIA,..,..,..,..,..,..,..,..,..,..,..,..,..,..,..,..,..,..,..,..,..,..,..,..,..,..,..,..,..,..,..,..,..,..,..,..,..,..,..,..,..,..,..,..,..,..,..,..,..,..,..
Burkina Faso,BFA,"Adjusted net attendance rate, one year before the official primary entry age, adjusted gender parity index (GPIA)",UIS.NARA.AGM1.GPIA,..,..,..,..,..,..,..,..,..,..,..,..,..,..,..,..,..,..,..,..,..,..,..,..,..,..,..,..,..,..,..,..,..,0.81905,..,..,1.03199,..,..,..,1.18683,..,..,..,..,..,..,..,..,..,..
Burundi,BDI,"Adjusted net attendance rate, one year before the official primary entry age, adjusted gender parity index (GPIA)",UIS.NARA.AGM1.GPIA,..,..,..,..,..,..,..,..,..,..,..,..,..,..,..,..,..,..,..,..,..,..,..,..,..,..,..,..,..,..,0.82611,..,..,..,..,..,..,..,..,..,1.24908,..,..,..,..,..,..,0.90524,..,..,..
Cabo Verde,CPV,"Adjusted net attendance rate, one year before the official primary entry age, adjusted gender parity index (GPIA)",UIS.NARA.AGM1.GPIA,..,..,..,..,..,..,..,..,..,..,..,..,..,..,..,..,..,..,..,..,..,..,..,..,..,..,..,..,..,..,..,..,..,..,..,..,..,..,..,..,..,..,..,..,..,..,..,..,..,..,..
Cambodia,KHM,"Adjusted net attendance rate, one year before the official primary entry age, adjusted gender parity index (GPIA)",UIS.NARA.AGM1.GPIA,..,..,..,..,..,..,..,..,..,..,..,..,..,..,..,..,..,..,..,..,..,..,..,..,..,..,..,..,..,..,..,..,..,..,..,1.06199,..,..,..,..,1.01841,..,..,..,1.09833,..,..,..,..,..,..
Cameroon,CMR,"Adjusted net attendance rate, one year before the official primary entry age, adjusted gender parity index (GPIA)",UIS.NARA.AGM1.GPIA,..,..,..,..,..,..,..,..,..,..,..,..,..,..,..,..,..,..,..,..,..,..,..,..,..,..,..,..,..,..,..,..,..,..,0.98328,..,0.91101,..,..,..,..,0.92656,..,..,0.94095,..,..,..,..,..,..
Canada,CAN,"Adjusted net attendance rate, one year before the official primary entry age, adjusted gender parity index (GPIA)",UIS.NARA.AGM1.GPIA,..,..,..,..,..,..,..,..,..,..,..,..,..,..,..,..,..,..,..,..,..,..,..,..,..,..,..,..,..,..,..,..,..,..,..,..,..,..,..,..,..,..,..,..,..,..,..,..,..,..,..
Caribbean small states,CSS,"Adjusted net attendance rate, one year before the official primary entry age, adjusted gender parity index (GPIA)",UIS.NARA.AGM1.GPIA,..,..,..,..,..,..,..,..,..,..,..,..,..,..,..,..,..,..,..,..,..,..,..,..,..,..,..,..,..,..,..,..,..,..,..,..,..,..,..,..,..,..,..,..,..,..,..,..,..,..,..
Cayman Islands,CYM,"Adjusted net attendance rate, one year before the official primary entry age, adjusted gender parity index (GPIA)",UIS.NARA.AGM1.GPIA,..,..,..,..,..,..,..,..,..,..,..,..,..,..,..,..,..,..,..,..,..,..,..,..,..,..,..,..,..,..,..,..,..,..,..,..,..,..,..,..,..,..,..,..,..,..,..,..,..,..,..
Central African Republic,CAF,"Adjusted net attendance rate, one year before the official primary entry age, adjusted gender parity index (GPIA)",UIS.NARA.AGM1.GPIA,..,..,..,..,..,..,..,..,..,..,..,..,..,..,..,..,..,..,..,..,..,..,..,..,..,..,..,..,..,..,..,..,..,..,..,..,0.85055,..,..,..,0.94194,..,..,..,..,..,..,..,..,..,..
Central Europe and the Baltics,CEB,"Adjusted net attendance rate, one year before the official primary entry age, adjusted gender parity index (GPIA)",UIS.NARA.AGM1.GPIA,..,..,..,..,..,..,..,..,..,..,..,..,..,..,..,..,..,..,..,..,..,..,..,..,..,..,..,..,..,..,..,..,..,..,..,..,..,..,..,..,..,..,..,..,..,..,..,..,..,..,..
Chad,TCD,"Adjusted net attendance rate, one year before the official primary entry age, adjusted gender parity index (GPIA)",UIS.NARA.AGM1.GPIA,..,..,..,..,..,..,..,..,..,..,..,..,..,..,..,..,..,..,..,..,..,..,..,..,..,..,..,..,..,..,..,..,..,..,0.76596,..,..,..,..,..,..,..,..,..,0.7632,..,..,..,..,..,..
Channel Islands,CHI,"Adjusted net attendance rate, one year before the official primary entry age, adjusted gender parity index (GPIA)",UIS.NARA.AGM1.GPIA,..,..,..,..,..,..,..,..,..,..,..,..,..,..,..,..,..,..,..,..,..,..,..,..,..,..,..,..,..,..,..,..,..,..,..,..,..,..,..,..,..,..,..,..,..,..,..,..,..,..,..
Chile,CHL,"Adjusted net attendance rate, one year before the official primary entry age, adjusted gender parity index (GPIA)",UIS.NARA.AGM1.GPIA,..,..,..,..,..,..,..,..,..,..,..,..,..,..,..,..,..,..,..,..,..,..,..,..,..,..,..,..,..,..,0.96966,..,..,0.99039,..,..,0.97341,..,..,1.00772,..,0.97736,..,0.98188,..,1.00514,..,0.98864,..,..,..
China,CHN,"Adjusted net attendance rate, one year before the official primary entry age, adjusted gender parity index (GPIA)",UIS.NARA.AGM1.GPIA,..,..,..,..,..,..,..,..,..,..,..,..,..,..,..,..,..,..,..,..,..,..,..,..,..,..,..,..,..,..,..,..,..,..,..,..,..,..,..,..,..,..,..,..,..,..,..,..,..,..,..
Colombia,COL,"Adjusted net attendance rate, one year before the official primary entry age, adjusted gender parity index (GPIA)",UIS.NARA.AGM1.GPIA,..,..,..,..,..,..,..,..,..,..,..,..,..,..,..,..,..,..,..,..,..,..,..,..,..,..,..,..,..,..,..,..,1.0418,1.03953,1.05125,0,..,..,1.02167,1.02126,1.08605,1.04759,1.0093,1.00975,1.02196,0.98371,1.02251,1.01647,1.00652,..,..
Comoros,COM,"Adjusted net attendance rate, one year before the official primary entry age, adjusted gender parity index (GPIA)",UIS.NARA.AGM1.GPIA,..,..,..,..,..,..,..,..,..,..,..,..,..,..,..,..,..,..,..,..,..,..,..,..,..,..,..,..,..,..,..,..,..,..,..,..,..,..,..,..,..,..,1.05995,..,..,..,..,..,..,..,..
"Congo, Dem. Rep.",COD,"Adjusted net attendance rate, one year before the official primary entry age, adjusted gender parity index (GPIA)",UIS.NARA.AGM1.GPIA,..,..,..,..,..,..,..,..,..,..,..,..,..,..,..,..,..,..,..,..,..,..,..,..,..,..,..,..,..,..,..,..,..,..,..,..,..,0.98277,..,..,1.01777,..,..,0.95737,..,..,..,..,..,..,..
"Congo, Rep.",COG,"Adjusted net attendance rate, one year before the official primary entry age, adjusted gender parity index (GPIA)",UIS.NARA.AGM1.GPIA,..,..,..,..,..,..,..,..,..,..,..,..,..,..,..,..,..,..,..,..,..,..,..,..,..,..,..,..,..,..,..,..,..,..,..,1.07712,..,..,..,..,..,..,0.97571,..,..,1.02487,..,..,..,..,..
Costa Rica,CRI,"Adjusted net attendance rate, one year before the official primary entry age, adjusted gender parity index (GPIA)",UIS.NARA.AGM1.GPIA,..,..,..,..,..,..,..,..,..,..,..,..,..,..,..,..,..,..,..,..,..,..,..,..,..,..,..,..,..,..,..,..,0.99753,1.1527,1.11633,1.09153,0.98517,0.99019,1.09936,1.08121,0.92616,1.03843,1.06889,1.02858,1.01252,1.03251,1.03847,1.04851,1.0184,..,..
Cote d'Ivoire,CIV,"Adjusted net attendance rate, one year before the official primary entry age, adjusted gender parity index (GPIA)",UIS.NARA.AGM1.GPIA,..,..,..,..,..,..,..,..,..,..,..,..,..,..,..,..,..,..,..,..,..,..,..,..,..,..,..,..,..,..,..,..,..,..,..,..,0.86085,..,..,..,..,..,0.97303,..,..,..,0.91501,..,..,..,..
Croatia,HRV,"Adjusted net attendance rate, one year before the official primary entry age, adjusted gender parity index (GPIA)",UIS.NARA.AGM1.GPIA,..,..,..,..,..,..,..,..,..,..,..,..,..,..,..,..,..,..,..,..,..,..,..,..,..,..,..,..,..,..,..,..,..,..,..,..,..,..,..,..,..,..,..,..,..,..,..,..,..,..,..
Cuba,CUB,"Adjusted net attendance rate, one year before the official primary entry age, adjusted gender parity index (GPIA)",UIS.NARA.AGM1.GPIA,..,..,..,..,..,..,..,..,..,..,..,..,..,..,..,..,..,..,..,..,..,..,..,..,..,..,..,..,..,..,..,..,..,..,..,..,..,..,..,..,..,..,..,..,..,..,..,..,..,..,..
Curacao,CUW,"Adjusted net attendance rate, one year before the official primary entry age, adjusted gender parity index (GPIA)",UIS.NARA.AGM1.GPIA,..,..,..,..,..,..,..,..,..,..,..,..,..,..,..,..,..,..,..,..,..,..,..,..,..,..,..,..,..,..,..,..,..,..,..,..,..,..,..,..,..,..,..,..,..,..,..,..,..,..,..
Cyprus,CYP,"Adjusted net attendance rate, one year before the official primary entry age, adjusted gender parity index (GPIA)",UIS.NARA.AGM1.GPIA,..,..,..,..,..,..,..,..,..,..,..,..,..,..,..,..,..,..,..,..,..,..,..,..,..,..,..,..,..,..,..,..,..,..,..,..,..,..,..,..,..,..,..,..,..,..,..,..,..,..,..
Czech Republic,CZE,"Adjusted net attendance rate, one year before the official primary entry age, adjusted gender parity index (GPIA)",UIS.NARA.AGM1.GPIA,..,..,..,..,..,..,..,..,..,..,..,..,..,..,..,..,..,..,..,..,..,..,..,..,..,..,..,..,..,..,..,..,..,..,..,..,..,..,..,..,..,..,..,..,..,..,..,..,..,..,..
Denmark,DNK,"Adjusted net attendance rate, one year before the official primary entry age, adjusted gender parity index (GPIA)",UIS.NARA.AGM1.GPIA,..,..,..,..,..,..,..,..,..,..,..,..,..,..,..,..,..,..,..,..,..,..,..,..,..,..,..,..,..,..,..,..,..,..,..,..,..,..,..,..,..,..,..,..,..,..,..,..,..,..,..
Djibouti,DJI,"Adjusted net attendance rate, one year before the official primary entry age, adjusted gender parity index (GPIA)",UIS.NARA.AGM1.GPIA,..,..,..,..,..,..,..,..,..,..,..,..,..,..,..,..,..,..,..,..,..,..,..,..,..,..,..,..,..,..,..,..,..,..,..,..,1.17698,..,..,..,..,..,..,..,..,..,..,..,..,..,..
Dominica,DMA,"Adjusted net attendance rate, one year before the official primary entry age, adjusted gender parity index (GPIA)",UIS.NARA.AGM1.GPIA,..,..,..,..,..,..,..,..,..,..,..,..,..,..,..,..,..,..,..,..,..,..,..,..,..,..,..,..,..,..,..,..,..,..,..,..,..,..,..,..,..,..,..,..,..,..,..,..,..,..,..
Dominican Republic,DOM,"Adjusted net attendance rate, one year before the official primary entry age, adjusted gender parity index (GPIA)",UIS.NARA.AGM1.GPIA,..,..,..,..,..,..,..,..,..,..,..,..,..,..,..,..,..,..,..,..,..,..,..,..,..,..,..,..,..,..,0.89443,1.01229,0.9828,1.03443,1.0054,1.05124,0.95265,0.99961,1.0983,1.01648,0.96079,0.96143,1.0539,1.01746,1.04181,0.96048,1.01966,1.01172,1.01536,..,..
Early-demographic dividend,EAR,"Adjusted net attendance rate, one year before the official primary entry age, adjusted gender parity index (GPIA)",UIS.NARA.AGM1.GPIA,..,..,..,..,..,..,..,..,..,..,..,..,..,..,..,..,..,..,..,..,..,..,..,..,..,..,..,..,..,..,..,..,..,..,..,..,..,..,..,..,..,..,..,..,..,..,..,..,..,..,..
East Asia & Pacific,EAS,"Adjusted net attendance rate, one year before the official primary entry age, adjusted gender parity index (GPIA)",UIS.NARA.AGM1.GPIA,..,..,..,..,..,..,..,..,..,..,..,..,..,..,..,..,..,..,..,..,..,..,..,..,..,..,..,..,..,..,..,..,..,..,..,..,..,..,..,..,..,..,..,..,..,..,..,..,..,..,..
East Asia & Pacific (excluding high income),EAP,"Adjusted net attendance rate, one year before the official primary entry age, adjusted gender parity index (GPIA)",UIS.NARA.AGM1.GPIA,..,..,..,..,..,..,..,..,..,..,..,..,..,..,..,..,..,..,..,..,..,..,..,..,..,..,..,..,..,..,..,..,..,..,..,..,..,..,..,..,..,..,..,..,..,..,..,..,..,..,..
East Asia & Pacific (IDA & IBRD countries),TEA,"Adjusted net attendance rate, one year before the official primary entry age, adjusted gender parity index (GPIA)",UIS.NARA.AGM1.GPIA,..,..,..,..,..,..,..,..,..,..,..,..,..,..,..,..,..,..,..,..,..,..,..,..,..,..,..,..,..,..,..,..,..,..,..,..,..,..,..,..,..,..,..,..,..,..,..,..,..,..,..
Ecuador,ECU,"Adjusted net attendance rate, one year before the official primary entry age, adjusted gender parity index (GPIA)",UIS.NARA.AGM1.GPIA,..,..,..,..,..,..,..,..,..,..,..,..,..,..,..,..,..,..,..,..,..,..,..,..,..,..,..,..,..,..,..,0.97235,..,1.06673,..,1.02949,0.96763,1.02926,1.0251,1.04047,1.04424,1.0076,0.9756,0.98938,1.00357,1.00401,1.02334,1.00601,1.02992,..,..
"Egypt, Arab Rep.",EGY,"Adjusted net attendance rate, one year before the official primary entry age, adjusted gender parity index (GPIA)",UIS.NARA.AGM1.GPIA,..,..,..,..,..,..,..,..,..,..,..,..,..,..,..,..,..,..,..,..,..,..,..,..,..,..,..,..,..,..,..,..,..,..,..,0.95679,..,..,..,0.83647,..,..,..,..,1.00493,..,..,..,..,..,..
El Salvador,SLV,"Adjusted net attendance rate, one year before the official primary entry age, adjusted gender parity index (GPIA)",UIS.NARA.AGM1.GPIA,..,..,..,..,..,..,..,..,..,..,..,..,..,..,..,..,..,..,..,..,..,..,..,..,..,..,..,..,..,..,1.05573,1.03028,1.08145,1.06903,1.00424,1.01616,1.08258,..,..,0.99941,1.00599,..,1.03733,0.96137,1.01352,1.01132,1.00033,1.00011,0.99616,..,..
Equatorial Guinea,GNQ,"Adjusted net attendance rate, one year before the official primary entry age, adjusted gender parity index (GPIA)",UIS.NARA.AGM1.GPIA,..,..,..,..,..,..,..,..,..,..,..,..,..,..,..,..,..,..,..,..,..,..,..,..,..,..,..,..,..,..,..,..,..,..,..,..,..,..,..,..,..,..,..,..,..,..,..,..,..,..,..
Eritrea,ERI,"Adjusted net attendance rate, one year before the official primary entry age, adjusted gender parity index (GPIA)",UIS.NARA.AGM1.GPIA,..,..,..,..,..,..,..,..,..,..,..,..,..,..,..,..,..,..,..,..,..,..,..,..,..,..,..,..,..,..,..,..,..,..,..,..,..,..,..,..,..,..,..,..,..,..,..,..,..,..,..
Estonia,EST,"Adjusted net attendance rate, one year before the official primary entry age, adjusted gender parity index (GPIA)",UIS.NARA.AGM1.GPIA,..,..,..,..,..,..,..,..,..,..,..,..,..,..,..,..,..,..,..,..,..,..,..,..,..,..,..,..,..,..,..,..,..,..,..,..,..,..,..,..,..,..,..,..,..,..,..,..,..,..,..
Eswatini,SWZ,"Adjusted net attendance rate, one year before the official primary entry age, adjusted gender parity index (GPIA)",UIS.NARA.AGM1.GPIA,..,..,..,..,..,..,..,..,..,..,..,..,..,..,..,..,..,..,..,..,..,..,..,..,..,..,..,..,..,..,..,..,..,..,..,..,1.04605,..,..,..,1.01964,..,..,..,1.01241,..,..,..,..,..,..
Ethiopia,ETH,"Adjusted net attendance rate, one year before the official primary entry age, adjusted gender parity index (GPIA)",UIS.NARA.AGM1.GPIA,..,..,..,..,..,..,..,..,..,..,..,..,..,..,..,..,..,..,..,..,..,..,..,..,..,..,..,..,..,..,0.96026,..,..,..,..,0.96657,..,..,..,..,..,1.07394,..,..,..,..,0.96613,..,..,..,..
Euro area,EMU,"Adjusted net attendance rate, one year before the official primary entry age, adjusted gender parity index (GPIA)",UIS.NARA.AGM1.GPIA,..,..,..,..,..,..,..,..,..,..,..,..,..,..,..,..,..,..,..,..,..,..,..,..,..,..,..,..,..,..,..,..,..,..,..,..,..,..,..,..,..,..,..,..,..,..,..,..,..,..,..
Europe & Central Asia,ECS,"Adjusted net attendance rate, one year before the official primary entry age, adjusted gender parity index (GPIA)",UIS.NARA.AGM1.GPIA,..,..,..,..,..,..,..,..,..,..,..,..,..,..,..,..,..,..,..,..,..,..,..,..,..,..,..,..,..,..,..,..,..,..,..,..,..,..,..,..,..,..,..,..,..,..,..,..,..,..,..
Europe & Central Asia (excluding high income),ECA,"Adjusted net attendance rate, one year before the official primary entry age, adjusted gender parity index (GPIA)",UIS.NARA.AGM1.GPIA,..,..,..,..,..,..,..,..,..,..,..,..,..,..,..,..,..,..,..,..,..,..,..,..,..,..,..,..,..,..,..,..,..,..,..,..,..,..,..,..,..,..,..,..,..,..,..,..,..,..,..
Europe & Central Asia (IDA & IBRD countries),TEC,"Adjusted net attendance rate, one year before the official primary entry age, adjusted gender parity index (GPIA)",UIS.NARA.AGM1.GPIA,..,..,..,..,..,..,..,..,..,..,..,..,..,..,..,..,..,..,..,..,..,..,..,..,..,..,..,..,..,..,..,..,..,..,..,..,..,..,..,..,..,..,..,..,..,..,..,..,..,..,..
European Union,EUU,"Adjusted net attendance rate, one year before the official primary entry age, adjusted gender parity index (GPIA)",UIS.NARA.AGM1.GPIA,..,..,..,..,..,..,..,..,..,..,..,..,..,..,..,..,..,..,..,..,..,..,..,..,..,..,..,..,..,..,..,..,..,..,..,..,..,..,..,..,..,..,..,..,..,..,..,..,..,..,..
Faroe Islands,FRO,"Adjusted net attendance rate, one year before the official primary entry age, adjusted gender parity index (GPIA)",UIS.NARA.AGM1.GPIA,..,..,..,..,..,..,..,..,..,..,..,..,..,..,..,..,..,..,..,..,..,..,..,..,..,..,..,..,..,..,..,..,..,..,..,..,..,..,..,..,..,..,..,..,..,..,..,..,..,..,..
Fiji,FJI,"Adjusted net attendance rate, one year before the official primary entry age, adjusted gender parity index (GPIA)",UIS.NARA.AGM1.GPIA,..,..,..,..,..,..,..,..,..,..,..,..,..,..,..,..,..,..,..,..,..,..,..,..,..,..,..,..,..,..,..,..,..,..,..,..,..,..,..,..,..,..,..,..,..,..,..,..,..,..,..
Finland,FIN,"Adjusted net attendance rate, one year before the official primary entry age, adjusted gender parity index (GPIA)",UIS.NARA.AGM1.GPIA,..,..,..,..,..,..,..,..,..,..,..,..,..,..,..,..,..,..,..,..,..,..,..,..,..,..,..,..,..,..,..,..,..,..,..,..,..,..,..,..,..,..,..,..,..,..,..,..,..,..,..
Fragile and conflict affected situations,FCS,"Adjusted net attendance rate, one year before the official primary entry age, adjusted gender parity index (GPIA)",UIS.NARA.AGM1.GPIA,..,..,..,..,..,..,..,..,..,..,..,..,..,..,..,..,..,..,..,..,..,..,..,..,..,..,..,..,..,..,..,..,..,..,..,..,..,..,..,..,..,..,..,..,..,..,..,..,..,..,..
France,FRA,"Adjusted net attendance rate, one year before the official primary entry age, adjusted gender parity index (GPIA)",UIS.NARA.AGM1.GPIA,..,..,..,..,..,..,..,..,..,..,..,..,..,..,..,..,..,..,..,..,..,..,..,..,..,..,..,..,..,..,..,..,..,..,..,..,..,..,..,..,..,..,..,..,..,..,..,..,..,..,..
French Polynesia,PYF,"Adjusted net attendance rate, one year before the official primary entry age, adjusted gender parity index (GPIA)",UIS.NARA.AGM1.GPIA,..,..,..,..,..,..,..,..,..,..,..,..,..,..,..,..,..,..,..,..,..,..,..,..,..,..,..,..,..,..,..,..,..,..,..,..,..,..,..,..,..,..,..,..,..,..,..,..,..,..,..
Gabon,GAB,"Adjusted net attendance rate, one year before the official primary entry age, adjusted gender parity index (GPIA)",UIS.NARA.AGM1.GPIA,..,..,..,..,..,..,..,..,..,..,..,..,..,..,..,..,..,..,..,..,..,..,..,..,..,..,..,..,..,..,..,..,..,..,..,..,..,..,..,..,..,..,0.90564,..,..,..,..,..,..,..,..
"Gambia, The",GMB,"Adjusted net attendance rate, one year before the official primary entry age, adjusted gender parity index (GPIA)",UIS.NARA.AGM1.GPIA,..,..,..,..,..,..,..,..,..,..,..,..,..,..,..,..,..,..,..,..,..,..,..,..,..,..,..,..,..,..,..,..,..,..,..,..,0.94368,..,..,..,1.00644,..,..,1.06,..,..,..,..,1.00438,..,..
Georgia,GEO,"Adjusted net attendance rate, one year before the official primary entry age, adjusted gender parity index (GPIA)",UIS.NARA.AGM1.GPIA,..,..,..,..,..,..,..,..,..,..,..,..,..,..,..,..,..,..,..,..,..,..,..,..,..,..,..,..,..,..,..,..,..,..,..,..,..,..,..,..,..,..,..,..,..,..,..,..,..,..,..
Germany,DEU,"Adjusted net attendance rate, one year before the official primary entry age, adjusted gender parity index (GPIA)",UIS.NARA.AGM1.GPIA,..,..,..,..,..,..,..,..,..,..,..,..,..,..,..,..,..,..,..,..,..,..,..,..,..,..,..,..,..,..,..,..,..,..,..,..,..,..,..,..,..,..,..,..,..,..,..,..,..,..,..
Ghana,GHA,"Adjusted net attendance rate, one year before the official primary entry age, adjusted gender parity index (GPIA)",UIS.NARA.AGM1.GPIA,..,..,..,..,..,..,..,..,..,..,..,..,..,..,..,..,..,..,..,..,..,..,..,..,..,..,..,..,..,..,..,..,..,..,..,..,..,..,..,1.04622,..,..,..,..,0.99888,..,..,..,1.04206,..,..
Gibraltar,GIB,"Adjusted net attendance rate, one year before the official primary entry age, adjusted gender parity index (GPIA)",UIS.NARA.AGM1.GPIA,..,..,..,..,..,..,..,..,..,..,..,..,..,..,..,..,..,..,..,..,..,..,..,..,..,..,..,..,..,..,..,..,..,..,..,..,..,..,..,..,..,..,..,..,..,..,..,..,..,..,..
Global Partnership for Education,FTI,"Adjusted net attendance rate, one year before the official primary entry age, adjusted gender parity index (GPIA)",UIS.NARA.AGM1.GPIA,..,..,..,..,..,..,..,..,..,..,..,..,..,..,..,..,..,..,..,..,..,..,..,..,..,..,..,..,..,..,..,..,..,..,..,..,..,..,..,..,..,..,..,..,..,..,..,..,..,..,..
Greece,GRC,"Adjusted net attendance rate, one year before the official primary entry age, adjusted gender parity index (GPIA)",UIS.NARA.AGM1.GPIA,..,..,..,..,..,..,..,..,..,..,..,..,..,..,..,..,..,..,..,..,..,..,..,..,..,..,..,..,..,..,..,..,..,..,..,..,..,..,..,..,..,..,..,..,..,..,..,..,..,..,..
Greenland,GRL,"Adjusted net attendance rate, one year before the official primary entry age, adjusted gender parity index (GPIA)",UIS.NARA.AGM1.GPIA,..,..,..,..,..,..,..,..,..,..,..,..,..,..,..,..,..,..,..,..,..,..,..,..,..,..,..,..,..,..,..,..,..,..,..,..,..,..,..,..,..,..,..,..,..,..,..,..,..,..,..
Grenada,GRD,"Adjusted net attendance rate, one year before the official primary entry age, adjusted gender parity index (GPIA)",UIS.NARA.AGM1.GPIA,..,..,..,..,..,..,..,..,..,..,..,..,..,..,..,..,..,..,..,..,..,..,..,..,..,..,..,..,..,..,..,..,..,..,..,..,..,..,..,..,..,..,..,..,..,..,..,..,..,..,..
Guam,GUM,"Adjusted net attendance rate, one year before the official primary entry age, adjusted gender parity index (GPIA)",UIS.NARA.AGM1.GPIA,..,..,..,..,..,..,..,..,..,..,..,..,..,..,..,..,..,..,..,..,..,..,..,..,..,..,..,..,..,..,..,..,..,..,..,..,..,..,..,..,..,..,..,..,..,..,..,..,..,..,..
Guatemala,GTM,"Adjusted net attendance rate, one year before the official primary entry age, adjusted gender parity index (GPIA)",UIS.NARA.AGM1.GPIA,..,..,..,..,..,..,..,..,..,..,..,..,..,..,..,..,..,..,..,..,..,..,..,..,..,..,..,..,..,..,..,..,..,..,..,..,..,..,..,..,..,..,..,..,..,0.97174,..,..,..,..,..
Guinea,GIN,"Adjusted net attendance rate, one year before the official primary entry age, adjusted gender parity index (GPIA)",UIS.NARA.AGM1.GPIA,..,..,..,..,..,..,..,..,..,..,..,..,..,..,..,..,..,..,..,..,..,..,..,..,..,..,..,..,..,..,..,..,..,..,..,0.88928,..,..,..,..,..,..,0.9154,..,..,..,0.92536,..,0.93762,..,..
Guinea-Bissau,GNB,"Adjusted net attendance rate, one year before the official primary entry age, adjusted gender parity index (GPIA)",UIS.NARA.AGM1.GPIA,..,..,..,..,..,..,..,..,..,..,..,..,..,..,..,..,..,..,..,..,..,..,..,..,..,..,..,..,..,..,..,..,..,..,..,..,..,..,..,..,..,..,..,..,1.09712,..,..,..,..,..,..
Guyana,GUY,"Adjusted net attendance rate, one year before the official primary entry age, adjusted gender parity index (GPIA)",UIS.NARA.AGM1.GPIA,..,..,..,..,..,..,..,..,..,..,..,..,..,..,..,..,..,..,..,..,..,..,..,..,..,..,..,..,..,..,..,..,..,..,..,..,0.99404,..,..,0.99909,..,..,..,..,1.01744,..,..,..,..,..,..
Haiti,HTI,"Adjusted net attendance rate, one year before the official primary entry age, adjusted gender parity index (GPIA)",UIS.NARA.AGM1.GPIA,..,..,..,..,..,..,..,..,..,..,..,..,..,..,..,..,..,..,..,..,..,..,..,..,..,..,..,..,..,..,..,..,..,..,..,1.06152,..,..,..,..,..,..,0.97513,..,..,..,..,1.02453,..,..,..
Heavily indebted poor countries (HIPC),HPC,"Adjusted net attendance rate, one year before the official primary entry age, adjusted gender parity index (GPIA)",UIS.NARA.AGM1.GPIA,..,..,..,..,..,..,..,..,..,..,..,..,..,..,..,..,..,..,..,..,..,..,..,..,..,..,..,..,..,..,..,..,..,..,..,..,..,..,..,..,..,..,..,..,..,..,..,..,..,..,..
High income,HIC,"Adjusted net attendance rate, one year before the official primary entry age, adjusted gender parity index (GPIA)",UIS.NARA.AGM1.GPIA,..,..,..,..,..,..,..,..,..,..,..,..,..,..,..,..,..,..,..,..,..,..,..,..,..,..,..,..,..,..,..,..,..,..,..,..,..,..,..,..,..,..,..,..,..,..,..,..,..,..,..
Honduras,HND,"Adjusted net attendance rate, one year before the official primary entry age, adjusted gender parity index (GPIA)",UIS.NARA.AGM1.GPIA,..,..,..,..,..,..,..,..,..,..,..,..,..,..,..,..,..,..,..,..,..,..,..,..,..,..,..,..,..,..,..,1.21395,..,..,1.11945,1.16044,..,..,..,1.03737,1.0257,1.00951,1.07592,0.98054,1.02396,1.02741,1.00866,..,0.93589,..,..
"Hong Kong SAR, China",HKG,"Adjusted net attendance rate, one year before the official primary entry age, adjusted gender parity index (GPIA)",UIS.NARA.AGM1.GPIA,..,..,..,..,..,..,..,..,..,..,..,..,..,..,..,..,..,..,..,..,..,..,..,..,..,..,..,..,..,..,..,..,..,..,..,..,..,..,..,..,..,..,..,..,..,..,..,..,..,..,..
Hungary,HUN,"Adjusted net attendance rate, one year before the official primary entry age, adjusted gender parity index (GPIA)",UIS.NARA.AGM1.GPIA,..,..,..,..,..,..,..,..,..,..,..,..,..,..,..,..,..,..,..,..,..,..,..,..,..,..,..,..,..,..,..,..,..,..,..,..,..,..,..,..,..,..,..,..,..,..,..,..,..,..,..
IBRD only,IBD,"Adjusted net attendance rate, one year before the official primary entry age, adjusted gender parity index (GPIA)",UIS.NARA.AGM1.GPIA,..,..,..,..,..,..,..,..,..,..,..,..,..,..,..,..,..,..,..,..,..,..,..,..,..,..,..,..,..,..,..,..,..,..,..,..,..,..,..,..,..,..,..,..,..,..,..,..,..,..,..
Iceland,ISL,"Adjusted net attendance rate, one year before the official primary entry age, adjusted gender parity index (GPIA)",UIS.NARA.AGM1.GPIA,..,..,..,..,..,..,..,..,..,..,..,..,..,..,..,..,..,..,..,..,..,..,..,..,..,..,..,..,..,..,..,..,..,..,..,..,..,..,..,..,..,..,..,..,..,..,..,..,..,..,..
IDA & IBRD total,IBT,"Adjusted net attendance rate, one year before the official primary entry age, adjusted gender parity index (GPIA)",UIS.NARA.AGM1.GPIA,..,..,..,..,..,..,..,..,..,..,..,..,..,..,..,..,..,..,..,..,..,..,..,..,..,..,..,..,..,..,..,..,..,..,..,..,..,..,..,..,..,..,..,..,..,..,..,..,..,..,..
IDA blend,IDB,"Adjusted net attendance rate, one year before the official primary entry age, adjusted gender parity index (GPIA)",UIS.NARA.AGM1.GPIA,..,..,..,..,..,..,..,..,..,..,..,..,..,..,..,..,..,..,..,..,..,..,..,..,..,..,..,..,..,..,..,..,..,..,..,..,..,..,..,..,..,..,..,..,..,..,..,..,..,..,..
IDA only,IDX,"Adjusted net attendance rate, one year before the official primary entry age, adjusted gender parity index (GPIA)",UIS.NARA.AGM1.GPIA,..,..,..,..,..,..,..,..,..,..,..,..,..,..,..,..,..,..,..,..,..,..,..,..,..,..,..,..,..,..,..,..,..,..,..,..,..,..,..,..,..,..,..,..,..,..,..,..,..,..,..
IDA total,IDA,"Adjusted net attendance rate, one year before the official primary entry age, adjusted gender parity index (GPIA)",UIS.NARA.AGM1.GPIA,..,..,..,..,..,..,..,..,..,..,..,..,..,..,..,..,..,..,..,..,..,..,..,..,..,..,..,..,..,..,..,..,..,..,..,..,..,..,..,..,..,..,..,..,..,..,..,..,..,..,..
India,IND,"Adjusted net attendance rate, one year before the official primary entry age, adjusted gender parity index (GPIA)",UIS.NARA.AGM1.GPIA,..,..,..,..,..,..,..,..,..,..,..,..,..,..,..,..,..,..,..,..,..,..,..,..,..,..,..,..,..,..,..,..,..,..,..,..,0.98547,..,..,..,..,..,..,..,..,..,0.99103,..,..,..,..
Indonesia,IDN,"Adjusted net attendance rate, one year before the official primary entry age, adjusted gender parity index (GPIA)",UIS.NARA.AGM1.GPIA,..,..,..,..,..,..,..,..,..,..,..,..,..,..,..,..,..,..,..,..,..,..,..,..,..,..,..,..,..,..,..,..,..,1.08659,..,..,..,..,1.04584,..,..,..,..,..,..,..,..,1.00904,..,..,..
"Iran, Islamic Rep.",IRN,"Adjusted net attendance rate, one year before the official primary entry age, adjusted gender parity index (GPIA)",UIS.NARA.AGM1.GPIA,..,..,..,..,..,..,..,..,..,..,..,..,..,..,..,..,..,..,..,..,..,..,..,..,..,..,..,..,..,..,..,..,..,..,..,..,..,..,..,..,..,..,..,..,..,..,..,..,..,..,..
Iraq,IRQ,"Adjusted net attendance rate, one year before the official primary entry age, adjusted gender parity index (GPIA)",UIS.NARA.AGM1.GPIA,..,..,..,..,..,..,..,..,..,..,..,..,..,..,..,..,..,..,..,..,..,..,..,..,..,..,..,..,..,..,..,..,..,..,..,..,..,..,..,..,..,0.97883,..,..,..,..,..,..,0.9925,..,..
Ireland,IRL,"Adjusted net attendance rate, one year before the official primary entry age, adjusted gender parity index (GPIA)",UIS.NARA.AGM1.GPIA,..,..,..,..,..,..,..,..,..,..,..,..,..,..,..,..,..,..,..,..,..,..,..,..,..,..,..,..,..,..,..,..,..,..,..,..,..,..,..,..,..,..,..,..,..,..,..,..,..,..,..
Isle of Man,IMN,"Adjusted net attendance rate, one year before the official primary entry age, adjusted gender parity index (GPIA)",UIS.NARA.AGM1.GPIA,..,..,..,..,..,..,..,..,..,..,..,..,..,..,..,..,..,..,..,..,..,..,..,..,..,..,..,..,..,..,..,..,..,..,..,..,..,..,..,..,..,..,..,..,..,..,..,..,..,..,..
Israel,ISR,"Adjusted net attendance rate, one year before the official primary entry age, adjusted gender parity index (GPIA)",UIS.NARA.AGM1.GPIA,..,..,..,..,..,..,..,..,..,..,..,..,..,..,..,..,..,..,..,..,..,..,..,..,..,..,..,..,..,..,..,..,..,..,..,..,..,..,..,..,..,..,..,..,..,..,..,..,..,..,..
Italy,ITA,"Adjusted net attendance rate, one year before the official primary entry age, adjusted gender parity index (GPIA)",UIS.NARA.AGM1.GPIA,..,..,..,..,..,..,..,..,..,..,..,..,..,..,..,..,..,..,..,..,..,..,..,..,..,..,..,..,..,..,..,..,..,..,..,..,..,..,..,..,..,..,..,..,..,..,..,..,..,..,..
Jamaica,JAM,"Adjusted net attendance rate, one year before the official primary entry age, adjusted gender parity index (GPIA)",UIS.NARA.AGM1.GPIA,..,..,..,..,..,..,..,..,..,..,..,..,..,..,..,..,..,..,..,..,..,..,..,..,..,..,..,..,..,..,..,..,..,..,..,..,..,..,..,..,..,1.02162,..,..,..,..,..,..,..,..,..
Japan,JPN,"Adjusted net attendance rate, one year before the official primary entry age, adjusted gender parity index (GPIA)",UIS.NARA.AGM1.GPIA,..,..,..,..,..,..,..,..,..,..,..,..,..,..,..,..,..,..,..,..,..,..,..,..,..,..,..,..,..,..,..,..,..,..,..,..,..,..,..,..,..,..,..,..,..,..,..,..,..,..,..
Jordan,JOR,"Adjusted net attendance rate, one year before the official primary entry age, adjusted gender parity index (GPIA)",UIS.NARA.AGM1.GPIA,..,..,..,..,..,..,..,..,..,..,..,..,..,..,..,..,..,..,..,..,..,..,..,..,..,..,..,..,..,..,..,..,..,..,..,..,..,1.06192,..,..,..,..,..,..,..,..,..,..,1.01047,..,..
Kazakhstan,KAZ,"Adjusted net attendance rate, one year before the official primary entry age, adjusted gender parity index (GPIA)",UIS.NARA.AGM1.GPIA,..,..,..,..,..,..,..,..,..,..,..,..,..,..,..,..,..,..,..,..,..,..,..,..,..,..,..,..,..,..,..,..,..,..,..,..,1.08531,..,..,..,..,1.01925,..,..,..,1.0092,..,..,..,..,..
Kenya,KEN,"Adjusted net attendance rate, one year before the official primary entry age, adjusted gender parity index (GPIA)",UIS.NARA.AGM1.GPIA,..,..,..,..,..,..,..,..,..,..,..,..,..,..,..,..,..,..,..,..,..,..,..,..,..,..,..,..,..,..,..,..,..,1.05371,..,..,..,..,0.99458,..,..,..,..,..,0.99935,..,..,..,..,..,..
Kiribati,KIR,"Adjusted net attendance rate, one year before the official primary entry age, adjusted gender parity index (GPIA)",UIS.NARA.AGM1.GPIA,..,..,..,..,..,..,..,..,..,..,..,..,..,..,..,..,..,..,..,..,..,..,..,..,..,..,..,..,..,..,..,..,..,..,..,..,..,..,..,..,..,..,..,..,..,..,..,..,..,1.0218,..
"Korea, Dem. People’s Rep.",PRK,"Adjusted net attendance rate, one year before the official primary entry age, adjusted gender parity index (GPIA)",UIS.NARA.AGM1.GPIA,..,..,..,..,..,..,..,..,..,..,..,..,..,..,..,..,..,..,..,..,..,..,..,..,..,..,..,..,..,..,..,..,..,..,..,..,..,..,..,..,..,..,..,..,..,..,..,..,..,..,..
"Korea, Rep.",KOR,"Adjusted net attendance rate, one year before the official primary entry age, adjusted gender parity index (GPIA)",UIS.NARA.AGM1.GPIA,..,..,..,..,..,..,..,..,..,..,..,..,..,..,..,..,..,..,..,..,..,..,..,..,..,..,..,..,..,..,..,..,..,..,..,..,..,..,..,..,..,..,..,..,..,..,..,..,..,..,..
Kosovo,XKX,"Adjusted net attendance rate, one year before the official primary entry age, adjusted gender parity index (GPIA)",UIS.NARA.AGM1.GPIA,..,..,..,..,..,..,..,..,..,..,..,..,..,..,..,..,..,..,..,..,..,..,..,..,..,..,..,..,..,..,..,..,..,..,..,..,..,..,..,..,..,..,..,..,..,..,..,..,..,..,..
Kuwait,KWT,"Adjusted net attendance rate, one year before the official primary entry age, adjusted gender parity index (GPIA)",UIS.NARA.AGM1.GPIA,..,..,..,..,..,..,..,..,..,..,..,..,..,..,..,..,..,..,..,..,..,..,..,..,..,..,..,..,..,..,..,..,..,..,..,..,..,..,..,..,..,..,..,..,..,..,..,..,..,..,..
Kyrgyz Republic,KGZ,"Adjusted net attendance rate, one year before the official primary entry age, adjusted gender parity index (GPIA)",UIS.NARA.AGM1.GPIA,..,..,..,..,..,..,..,..,..,..,..,..,..,..,..,..,..,..,..,..,..,..,..,..,..,..,..,..,..,..,..,..,..,..,..,..,1.11394,..,..,..,..,..,1.04102,..,1.01957,..,..,..,..,..,..
Lao PDR,LAO,"Adjusted net attendance rate, one year before the official primary entry age, adjusted gender parity index (GPIA)",UIS.NARA.AGM1.GPIA,..,..,..,..,..,..,..,..,..,..,..,..,..,..,..,..,..,..,..,..,..,..,..,..,..,..,..,..,..,..,..,..,..,..,..,..,1.06877,..,..,..,..,..,1.00333,..,..,..,..,1.01261,..,..,..
Late-demographic dividend,LTE,"Adjusted net attendance rate, one year before the official primary entry age, adjusted gender parity index (GPIA)",UIS.NARA.AGM1.GPIA,..,..,..,..,..,..,..,..,..,..,..,..,..,..,..,..,..,..,..,..,..,..,..,..,..,..,..,..,..,..,..,..,..,..,..,..,..,..,..,..,..,..,..,..,..,..,..,..,..,..,..
Latin America & Caribbean,LCN,"Adjusted net attendance rate, one year before the official primary entry age, adjusted gender parity index (GPIA)",UIS.NARA.AGM1.GPIA,..,..,..,..,..,..,..,..,..,..,..,..,..,..,..,..,..,..,..,..,..,..,..,..,..,..,..,..,..,..,..,..,..,..,..,..,..,..,..,..,..,..,..,..,..,..,..,..,..,..,..
Latin America & Caribbean (excluding high income),LAC,"Adjusted net attendance rate, one year before the official primary entry age, adjusted gender parity index (GPIA)",UIS.NARA.AGM1.GPIA,..,..,..,..,..,..,..,..,..,..,..,..,..,..,..,..,..,..,..,..,..,..,..,..,..,..,..,..,..,..,..,..,..,..,..,..,..,..,..,..,..,..,..,..,..,..,..,..,..,..,..
Latin America & the Caribbean (IDA & IBRD countries),TLA,"Adjusted net attendance rate, one year before the official primary entry age, adjusted gender parity index (GPIA)",UIS.NARA.AGM1.GPIA,..,..,..,..,..,..,..,..,..,..,..,..,..,..,..,..,..,..,..,..,..,..,..,..,..,..,..,..,..,..,..,..,..,..,..,..,..,..,..,..,..,..,..,..,..,..,..,..,..,..,..
Latvia,LVA,"Adjusted net attendance rate, one year before the official primary entry age, adjusted gender parity index (GPIA)",UIS.NARA.AGM1.GPIA,..,..,..,..,..,..,..,..,..,..,..,..,..,..,..,..,..,..,..,..,..,..,..,..,..,..,..,..,..,..,..,..,..,..,..,..,..,..,..,..,..,..,..,..,..,..,..,..,..,..,..
Least developed countries: UN classification,LDC,"Adjusted net attendance rate, one year before the official primary entry age, adjusted gender parity index (GPIA)",UIS.NARA.AGM1.GPIA,..,..,..,..,..,..,..,..,..,..,..,..,..,..,..,..,..,..,..,..,..,..,..,..,..,..,..,..,..,..,..,..,..,..,..,..,..,..,..,..,..,..,..,..,..,..,..,..,..,..,..
Lebanon,LBN,"Adjusted net attendance rate, one year before the official primary entry age, adjusted gender parity index (GPIA)",UIS.NARA.AGM1.GPIA,..,..,..,..,..,..,..,..,..,..,..,..,..,..,..,..,..,..,..,..,..,..,..,..,..,..,..,..,..,..,..,..,..,..,..,..,..,..,..,..,..,..,..,..,..,..,..,..,..,..,..
Lending category not classified,LNX,"Adjusted net attendance rate, one year before the official primary entry age, adjusted gender parity index (GPIA)",UIS.NARA.AGM1.GPIA,..,..,..,..,..,..,..,..,..,..,..,..,..,..,..,..,..,..,..,..,..,..,..,..,..,..,..,..,..,..,..,..,..,..,..,..,..,..,..,..,..,..,..,..,..,..,..,..,..,..,..
Lesotho,LSO,"Adjusted net attendance rate, one year before the official primary entry age, adjusted gender parity index (GPIA)",UIS.NARA.AGM1.GPIA,..,..,..,..,..,..,..,..,..,..,..,..,..,..,..,..,..,..,..,..,..,..,..,..,..,..,..,..,..,..,..,..,..,..,..,0.9621,..,..,..,0.99754,..,..,..,..,1.03358,..,..,..,1.06529,..,..
Liberia,LBR,"Adjusted net attendance rate, one year before the official primary entry age, adjusted gender parity index (GPIA)",UIS.NARA.AGM1.GPIA,..,..,..,..,..,..,..,..,..,..,..,..,..,..,..,..,..,..,..,..,..,..,..,..,..,..,..,..,..,..,..,..,..,..,..,..,..,1.04822,..,..,..,..,..,1.03806,..,..,..,..,..,..,..
Libya,LBY,"Adjusted net attendance rate, one year before the official primary entry age, adjusted gender parity index (GPIA)",UIS.NARA.AGM1.GPIA,..,..,..,..,..,..,..,..,..,..,..,..,..,..,..,..,..,..,..,..,..,..,..,..,..,..,..,..,..,..,..,..,..,..,..,..,..,..,..,..,..,..,..,..,..,..,..,..,..,..,..
Liechtenstein,LIE,"Adjusted net attendance rate, one year before the official primary entry age, adjusted gender parity index (GPIA)",UIS.NARA.AGM1.GPIA,..,..,..,..,..,..,..,..,..,..,..,..,..,..,..,..,..,..,..,..,..,..,..,..,..,..,..,..,..,..,..,..,..,..,..,..,..,..,..,..,..,..,..,..,..,..,..,..,..,..,..
Lithuania,LTU,"Adjusted net attendance rate, one year before the official primary entry age, adjusted gender parity index (GPIA)",UIS.NARA.AGM1.GPIA,..,..,..,..,..,..,..,..,..,..,..,..,..,..,..,..,..,..,..,..,..,..,..,..,..,..,..,..,..,..,..,..,..,..,..,..,..,..,..,..,..,..,..,..,..,..,..,..,..,..,..
Low & middle income,LMY,"Adjusted net attendance rate, one year before the official primary entry age, adjusted gender parity index (GPIA)",UIS.NARA.AGM1.GPIA,..,..,..,..,..,..,..,..,..,..,..,..,..,..,..,..,..,..,..,..,..,..,..,..,..,..,..,..,..,..,..,..,..,..,..,..,..,..,..,..,..,..,..,..,..,..,..,..,..,..,..
Low income,LIC,"Adjusted net attendance rate, one year before the official primary entry age, adjusted gender parity index (GPIA)",UIS.NARA.AGM1.GPIA,..,..,..,..,..,..,..,..,..,..,..,..,..,..,..,..,..,..,..,..,..,..,..,..,..,..,..,..,..,..,..,..,..,..,..,..,..,..,..,..,..,..,..,..,..,..,..,..,..,..,..
Lower middle income,LMC,"Adjusted net attendance rate, one year before the official primary entry age, adjusted gender parity index (GPIA)",UIS.NARA.AGM1.GPIA,..,..,..,..,..,..,..,..,..,..,..,..,..,..,..,..,..,..,..,..,..,..,..,..,..,..,..,..,..,..,..,..,..,..,..,..,..,..,..,..,..,..,..,..,..,..,..,..,..,..,..
Luxembourg,LUX,"Adjusted net attendance rate, one year before the official primary entry age, adjusted gender parity index (GPIA)",UIS.NARA.AGM1.GPIA,..,..,..,..,..,..,..,..,..,..,..,..,..,..,..,..,..,..,..,..,..,..,..,..,..,..,..,..,..,..,..,..,..,..,..,..,..,..,..,..,..,..,..,..,..,..,..,..,..,..,..
"Macao SAR, China",MAC,"Adjusted net attendance rate, one year before the official primary entry age, adjusted gender parity index (GPIA)",UIS.NARA.AGM1.GPIA,..,..,..,..,..,..,..,..,..,..,..,..,..,..,..,..,..,..,..,..,..,..,..,..,..,..,..,..,..,..,..,..,..,..,..,..,..,..,..,..,..,..,..,..,..,..,..,..,..,..,..
Madagascar,MDG,"Adjusted net attendance rate, one year before the official primary entry age, adjusted gender parity index (GPIA)",UIS.NARA.AGM1.GPIA,..,..,..,..,..,..,..,..,..,..,..,..,..,..,..,..,..,..,..,..,..,..,..,..,..,..,..,..,..,..,..,..,..,..,..,..,..,..,..,1.13836,..,..,..,..,..,..,..,..,1.035,..,..
Malawi,MWI,"Adjusted net attendance rate, one year before the official primary entry age, adjusted gender parity index (GPIA)",UIS.NARA.AGM1.GPIA,..,..,..,..,..,..,..,..,..,..,..,..,..,..,..,..,..,..,..,..,..,..,..,..,..,..,..,..,..,..,..,..,..,..,1.18557,..,..,..,..,..,1.04323,..,..,..,..,..,1.07528,..,..,..,..
Malaysia,MYS,"Adjusted net attendance rate, one year before the official primary entry age, adjusted gender parity index (GPIA)",UIS.NARA.AGM1.GPIA,..,..,..,..,..,..,..,..,..,..,..,..,..,..,..,..,..,..,..,..,..,..,..,..,..,..,..,..,..,..,..,..,..,..,..,..,..,..,..,..,..,..,..,..,..,..,..,..,..,..,..
Maldives,MDV,"Adjusted net attendance rate, one year before the official primary entry age, adjusted gender parity index (GPIA)",UIS.NARA.AGM1.GPIA,..,..,..,..,..,..,..,..,..,..,..,..,..,..,..,..,..,..,..,..,..,..,..,..,..,..,..,..,..,..,..,..,..,..,..,..,..,..,1.00997,..,..,..,..,..,..,..,..,0.9928,..,..,..
Mali,MLI,"Adjusted net attendance rate, one year before the official primary entry age, adjusted gender parity index (GPIA)",UIS.NARA.AGM1.GPIA,..,..,..,..,..,..,..,..,..,..,..,..,..,..,..,..,..,..,..,..,..,..,..,..,..,..,..,..,..,..,..,..,..,..,..,..,0.86244,..,..,..,..,..,..,0.92163,..,0.85568,..,..,0.95053,..,..
Malta,MLT,"Adjusted net attendance rate, one year before the official primary entry age, adjusted gender parity index (GPIA)",UIS.NARA.AGM1.GPIA,..,..,..,..,..,..,..,..,..,..,..,..,..,..,..,..,..,..,..,..,..,..,..,..,..,..,..,..,..,..,..,..,..,..,..,..,..,..,..,..,..,..,..,..,..,..,..,..,..,..,..
Marshall Islands,MHL,"Adjusted net attendance rate, one year before the official primary entry age, adjusted gender parity index (GPIA)",UIS.NARA.AGM1.GPIA,..,..,..,..,..,..,..,..,..,..,..,..,..,..,..,..,..,..,..,..,..,..,..,..,..,..,..,..,..,..,..,..,..,..,..,..,..,..,..,..,..,..,..,..,..,..,..,..,..,..,..
Mauritania,MRT,"Adjusted net attendance rate, one year before the official primary entry age, adjusted gender parity index (GPIA)",UIS.NARA.AGM1.GPIA,..,..,..,..,..,..,..,..,..,..,..,..,..,..,..,..,..,..,..,..,..,..,..,..,..,..,..,..,..,..,..,..,..,..,..,..,..,0.91623,..,..,..,1.08021,..,..,..,1.17039,..,..,..,..,..
Mauritius,MUS,"Adjusted net attendance rate, one year before the official primary entry age, adjusted gender parity index (GPIA)",UIS.NARA.AGM1.GPIA,..,..,..,..,..,..,..,..,..,..,..,..,..,..,..,..,..,..,..,..,..,..,..,..,..,..,..,..,..,..,..,..,..,..,..,..,..,..,..,..,..,..,..,..,..,..,..,..,..,..,..
Mayotte,MYT,"Adjusted net attendance rate, one year before the official primary entry age, adjusted gender parity index (GPIA)",UIS.NARA.AGM1.GPIA,..,..,..,..,..,..,..,..,..,..,..,..,..,..,..,..,..,..,..,..,..,..,..,..,..,..,..,..,..,..,..,..,..,..,..,..,..,..,..,..,..,..,..,..,..,..,..,..,..,..,..
Mexico,MEX,"Adjusted net attendance rate, one year before the official primary entry age, adjusted gender parity index (GPIA)",UIS.NARA.AGM1.GPIA,..,..,..,..,..,..,..,..,..,..,..,..,..,..,..,..,..,..,..,..,..,..,..,..,..,..,..,..,..,..,0.99438,..,1.02382,..,1.02541,..,1.00384,..,0.99904,..,0.99388,..,1.00082,..,0.99019,..,0.98356,..,1.00246,..,..
"Micronesia, Fed. Sts.",FSM,"Adjusted net attendance rate, one year before the official primary entry age, adjusted gender parity index (GPIA)",UIS.NARA.AGM1.GPIA,..,..,..,..,..,..,..,..,..,..,..,..,..,..,..,..,..,..,..,..,..,..,..,..,..,..,..,..,..,..,..,..,..,..,..,..,..,..,..,..,..,..,..,..,..,..,..,..,..,..,..
Middle East & North Africa,MEA,"Adjusted net attendance rate, one year before the official primary entry age, adjusted gender parity index (GPIA)",UIS.NARA.AGM1.GPIA,..,..,..,..,..,..,..,..,..,..,..,..,..,..,..,..,..,..,..,..,..,..,..,..,..,..,..,..,..,..,..,..,..,..,..,..,..,..,..,..,..,..,..,..,..,..,..,..,..,..,..
Middle East & North Africa (excluding high income),MNA,"Adjusted net attendance rate, one year before the official primary entry age, adjusted gender parity index (GPIA)",UIS.NARA.AGM1.GPIA,..,..,..,..,..,..,..,..,..,..,..,..,..,..,..,..,..,..,..,..,..,..,..,..,..,..,..,..,..,..,..,..,..,..,..,..,..,..,..,..,..,..,..,..,..,..,..,..,..,..,..
Middle East & North Africa (IDA & IBRD countries),TMN,"Adjusted net attendance rate, one year before the official primary entry age, adjusted gender parity index (GPIA)",UIS.NARA.AGM1.GPIA,..,..,..,..,..,..,..,..,..,..,..,..,..,..,..,..,..,..,..,..,..,..,..,..,..,..,..,..,..,..,..,..,..,..,..,..,..,..,..,..,..,..,..,..,..,..,..,..,..,..,..
Middle income,MIC,"Adjusted net attendance rate, one year before the official primary entry age, adjusted gender parity index (GPIA)",UIS.NARA.AGM1.GPIA,..,..,..,..,..,..,..,..,..,..,..,..,..,..,..,..,..,..,..,..,..,..,..,..,..,..,..,..,..,..,..,..,..,..,..,..,..,..,..,..,..,..,..,..,..,..,..,..,..,..,..
Moldova,MDA,"Adjusted net attendance rate, one year before the official primary entry age, adjusted gender parity index (GPIA)",UIS.NARA.AGM1.GPIA,..,..,..,..,..,..,..,..,..,..,..,..,..,..,..,..,..,..,..,..,..,..,..,..,..,..,..,..,..,..,..,..,..,..,..,1.06101,..,..,..,..,..,..,1.02539,..,..,..,..,..,..,..,..
Monaco,MCO,"Adjusted net attendance rate, one year before the official primary entry age, adjusted gender parity index (GPIA)",UIS.NARA.AGM1.GPIA,..,..,..,..,..,..,..,..,..,..,..,..,..,..,..,..,..,..,..,..,..,..,..,..,..,..,..,..,..,..,..,..,..,..,..,..,..,..,..,..,..,..,..,..,..,..,..,..,..,..,..
Mongolia,MNG,"Adjusted net attendance rate, one year before the official primary entry age, adjusted gender parity index (GPIA)",UIS.NARA.AGM1.GPIA,..,..,..,..,..,..,..,..,..,..,..,..,..,..,..,..,..,..,..,..,..,..,..,..,..,..,..,..,..,..,..,..,..,..,..,..,1.09811,..,..,..,..,..,..,..,1.01474,..,..,..,1.09226,..,..
Montenegro,MNE,"Adjusted net attendance rate, one year before the official primary entry age, adjusted gender parity index (GPIA)",UIS.NARA.AGM1.GPIA,..,..,..,..,..,..,..,..,..,..,..,..,..,..,..,..,..,..,..,..,..,..,..,..,..,..,..,..,..,..,..,..,..,..,..,..,..,..,..,..,..,..,..,1.2029,..,..,..,..,0.88056,..,..
Morocco,MAR,"Adjusted net attendance rate, one year before the official primary entry age, adjusted gender parity index (GPIA)",UIS.NARA.AGM1.GPIA,..,..,..,..,..,..,..,..,..,..,..,..,..,..,..,..,..,..,..,..,..,..,..,..,..,..,..,..,..,..,..,..,..,..,0,..,..,..,..,..,..,..,..,..,..,..,..,..,..,..,..
Mozambique,MOZ,"Adjusted net attendance rate, one year before the official primary entry age, adjusted gender parity index (GPIA)",UIS.NARA.AGM1.GPIA,..,..,..,..,..,..,..,..,..,..,..,..,..,..,..,..,..,..,..,..,..,..,..,..,..,..,..,..,..,..,..,..,..,0.85871,..,..,..,..,1.00464,..,..,1.0273,..,..,..,..,..,..,..,..,..
Myanmar,MMR,"Adjusted net attendance rate, one year before the official primary entry age, adjusted gender parity index (GPIA)",UIS.NARA.AGM1.GPIA,..,..,..,..,..,..,..,..,..,..,..,..,..,..,..,..,..,..,..,..,..,..,..,..,..,..,..,..,..,..,..,..,..,..,..,..,..,..,..,..,..,..,..,..,..,..,1.01669,..,..,..,..
Namibia,NAM,"Adjusted net attendance rate, one year before the official primary entry age, adjusted gender parity index (GPIA)",UIS.NARA.AGM1.GPIA,..,..,..,..,..,..,..,..,..,..,..,..,..,..,..,..,..,..,..,..,..,..,..,..,..,..,..,..,..,..,..,..,..,..,..,..,..,1.02243,..,..,..,..,..,1.01357,..,..,..,..,..,..,..
Nauru,NRU,"Adjusted net attendance rate, one year before the official primary entry age, adjusted gender parity index (GPIA)",UIS.NARA.AGM1.GPIA,..,..,..,..,..,..,..,..,..,..,..,..,..,..,..,..,..,..,..,..,..,..,..,..,..,..,..,..,..,..,..,..,..,..,..,..,..,..,..,..,..,..,..,..,..,..,..,..,..,..,..
Nepal,NPL,"Adjusted net attendance rate, one year before the official primary entry age, adjusted gender parity index (GPIA)",UIS.NARA.AGM1.GPIA,..,..,..,..,..,..,..,..,..,..,..,..,..,..,..,..,..,..,..,..,..,..,..,..,..,..,..,..,..,..,..,..,..,..,..,..,..,1.00295,..,..,..,0.9433,..,..,0,..,1.02156,..,..,..,..
Netherlands,NLD,"Adjusted net attendance rate, one year before the official primary entry age, adjusted gender parity index (GPIA)",UIS.NARA.AGM1.GPIA,..,..,..,..,..,..,..,..,..,..,..,..,..,..,..,..,..,..,..,..,..,..,..,..,..,..,..,..,..,..,..,..,..,..,..,..,..,..,..,..,..,..,..,..,..,..,..,..,..,..,..
Netherlands Antilles,ANT,"Adjusted net attendance rate, one year before the official primary entry age, adjusted gender parity index (GPIA)",UIS.NARA.AGM1.GPIA,..,..,..,..,..,..,..,..,..,..,..,..,..,..,..,..,..,..,..,..,..,..,..,..,..,..,..,..,..,..,..,..,..,..,..,..,..,..,..,..,..,..,..,..,..,..,..,..,..,..,..
New Caledonia,NCL,"Adjusted net attendance rate, one year before the official primary entry age, adjusted gender parity index (GPIA)",UIS.NARA.AGM1.GPIA,..,..,..,..,..,..,..,..,..,..,..,..,..,..,..,..,..,..,..,..,..,..,..,..,..,..,..,..,..,..,..,..,..,..,..,..,..,..,..,..,..,..,..,..,..,..,..,..,..,..,..
New Zealand,NZL,"Adjusted net attendance rate, one year before the official primary entry age, adjusted gender parity index (GPIA)",UIS.NARA.AGM1.GPIA,..,..,..,..,..,..,..,..,..,..,..,..,..,..,..,..,..,..,..,..,..,..,..,..,..,..,..,..,..,..,..,..,..,..,..,..,..,..,..,..,..,..,..,..,..,..,..,..,..,..,..
Nicaragua,NIC,"Adjusted net attendance rate, one year before the official primary entry age, adjusted gender parity index (GPIA)",UIS.NARA.AGM1.GPIA,..,..,..,..,..,..,..,..,..,..,..,..,..,..,..,..,..,..,..,..,..,..,..,..,..,..,..,..,..,..,..,..,..,..,..,..,..,..,..,..,..,..,..,..,..,..,..,..,..,..,..
Niger,NER,"Adjusted net attendance rate, one year before the official primary entry age, adjusted gender parity index (GPIA)",UIS.NARA.AGM1.GPIA,..,..,..,..,..,..,..,..,..,..,..,..,..,..,..,..,..,..,..,..,..,..,..,..,..,..,..,..,..,..,..,..,..,..,..,..,0.69737,..,..,..,..,..,0.82432,..,..,..,..,..,..,..,..
Nigeria,NGA,"Adjusted net attendance rate, one year before the official primary entry age, adjusted gender parity index (GPIA)",UIS.NARA.AGM1.GPIA,..,..,..,..,..,..,..,..,..,..,..,..,..,..,..,..,..,..,..,..,..,..,..,..,..,..,..,..,..,..,..,..,..,0.98233,..,..,..,0.93832,0.94291,..,..,1.01354,..,0.94733,..,..,0.97893,..,1.00244,..,..
North America,NAC,"Adjusted net attendance rate, one year before the official primary entry age, adjusted gender parity index (GPIA)",UIS.NARA.AGM1.GPIA,..,..,..,..,..,..,..,..,..,..,..,..,..,..,..,..,..,..,..,..,..,..,..,..,..,..,..,..,..,..,..,..,..,..,..,..,..,..,..,..,..,..,..,..,..,..,..,..,..,..,..
North Macedonia,MKD,"Adjusted net attendance rate, one year before the official primary entry age, adjusted gender parity index (GPIA)",UIS.NARA.AGM1.GPIA,..,..,..,..,..,..,..,..,..,..,..,..,..,..,..,..,..,..,..,..,..,..,..,..,..,..,..,..,..,..,..,..,..,..,..,..,..,..,..,..,..,0.99724,..,..,..,..,..,..,..,..,..
Northern Mariana Islands,MNP,"Adjusted net attendance rate, one year before the official primary entry age, adjusted gender parity index (GPIA)",UIS.NARA.AGM1.GPIA,..,..,..,..,..,..,..,..,..,..,..,..,..,..,..,..,..,..,..,..,..,..,..,..,..,..,..,..,..,..,..,..,..,..,..,..,..,..,..,..,..,..,..,..,..,..,..,..,..,..,..
Norway,NOR,"Adjusted net attendance rate, one year before the official primary entry age, adjusted gender parity index (GPIA)",UIS.NARA.AGM1.GPIA,..,..,..,..,..,..,..,..,..,..,..,..,..,..,..,..,..,..,..,..,..,..,..,..,..,..,..,..,..,..,..,..,..,..,..,..,..,..,..,..,..,..,..,..,..,..,..,..,..,..,..
OECD members,OED,"Adjusted net attendance rate, one year before the official primary entry age, adjusted gender parity index (GPIA)",UIS.NARA.AGM1.GPIA,..,..,..,..,..,..,..,..,..,..,..,..,..,..,..,..,..,..,..,..,..,..,..,..,..,..,..,..,..,..,..,..,..,..,..,..,..,..,..,..,..,..,..,..,..,..,..,..,..,..,..
Oman,OMN,"Adjusted net attendance rate, one year before the official primary entry age, adjusted gender parity index (GPIA)",UIS.NARA.AGM1.GPIA,..,..,..,..,..,..,..,..,..,..,..,..,..,..,..,..,..,..,..,..,..,..,..,..,..,..,..,..,..,..,..,..,..,..,..,..,..,..,..,..,..,..,..,..,..,..,..,..,..,..,..
Other small states,OSS,"Adjusted net attendance rate, one year before the official primary entry age, adjusted gender parity index (GPIA)",UIS.NARA.AGM1.GPIA,..,..,..,..,..,..,..,..,..,..,..,..,..,..,..,..,..,..,..,..,..,..,..,..,..,..,..,..,..,..,..,..,..,..,..,..,..,..,..,..,..,..,..,..,..,..,..,..,..,..,..
Pacific island small states,PSS,"Adjusted net attendance rate, one year before the official primary entry age, adjusted gender parity index (GPIA)",UIS.NARA.AGM1.GPIA,..,..,..,..,..,..,..,..,..,..,..,..,..,..,..,..,..,..,..,..,..,..,..,..,..,..,..,..,..,..,..,..,..,..,..,..,..,..,..,..,..,..,..,..,..,..,..,..,..,..,..
Pakistan,PAK,"Adjusted net attendance rate, one year before the official primary entry age, adjusted gender parity index (GPIA)",UIS.NARA.AGM1.GPIA,..,..,..,..,..,..,..,..,..,..,..,..,..,..,..,..,..,..,..,..,..,..,..,..,..,..,..,..,..,..,..,..,..,..,..,..,..,0.86101,..,..,..,..,0.94308,..,..,..,..,..,0.99696,..,..
Palau,PLW,"Adjusted net attendance rate, one year before the official primary entry age, adjusted gender parity index (GPIA)",UIS.NARA.AGM1.GPIA,..,..,..,..,..,..,..,..,..,..,..,..,..,..,..,..,..,..,..,..,..,..,..,..,..,..,..,..,..,..,..,..,..,..,..,..,..,..,..,..,..,..,..,..,..,..,..,..,..,..,..
Panama,PAN,"Adjusted net attendance rate, one year before the official primary entry age, adjusted gender parity index (GPIA)",UIS.NARA.AGM1.GPIA,..,..,..,..,..,..,..,..,..,..,..,..,..,..,..,..,..,..,..,..,..,..,..,..,..,..,..,..,..,..,1.06518,0.98637,1.04984,0.98208,0.99578,0.96552,0.92703,0.9651,0.93119,1.03997,..,1.01432,..,1.06121,1.03033,1.01178,1.08554,0.97329,1.05847,..,..
Papua New Guinea,PNG,"Adjusted net attendance rate, one year before the official primary entry age, adjusted gender parity index (GPIA)",UIS.NARA.AGM1.GPIA,..,..,..,..,..,..,..,..,..,..,..,..,..,..,..,..,..,..,..,..,..,..,..,..,..,..,..,..,..,..,..,..,..,..,..,..,..,..,..,..,..,..,..,..,..,..,..,..,1.02477,..,..
Paraguay,PRY,"Adjusted net attendance rate, one year before the official primary entry age, adjusted gender parity index (GPIA)",UIS.NARA.AGM1.GPIA,..,..,..,..,..,..,..,..,..,..,..,..,..,..,..,..,..,..,..,..,..,..,..,..,..,..,..,..,..,..,..,1.06365,..,1.11503,1.15386,1.0256,0.97147,1.02461,1.0037,1.04577,1.0141,1.01962,1.0059,1.00765,0.9991,1.0354,0.99848,0.99689,1.00071,..,..
Peru,PER,"Adjusted net attendance rate, one year before the official primary entry age, adjusted gender parity index (GPIA)",UIS.NARA.AGM1.GPIA,..,..,..,..,..,..,..,..,..,..,..,..,..,..,..,..,..,..,..,..,..,..,..,..,..,..,..,..,..,..,1.11852,1.01605,1.00771,1.01973,0.99802,1.03831,1.03954,0.99922,0.99474,1.00849,1.00322,0.97741,0.9812,1.01045,1.02705,1.0062,1.01245,1.0001,1.018,..,..
Philippines,PHL,"Adjusted net attendance rate, one year before the official primary entry age, adjusted gender parity index (GPIA)",UIS.NARA.AGM1.GPIA,..,..,..,..,..,..,..,..,..,..,..,..,..,..,..,..,..,..,..,..,..,..,..,..,..,..,..,..,..,..,..,..,..,..,1.07992,..,..,..,..,..,..,..,..,..,..,..,..,..,1.05447,..,..
Poland,POL,"Adjusted net attendance rate, one year before the official primary entry age, adjusted gender parity index (GPIA)",UIS.NARA.AGM1.GPIA,..,..,..,..,..,..,..,..,..,..,..,..,..,..,..,..,..,..,..,..,..,..,..,..,..,..,..,..,..,..,..,..,..,..,..,..,..,..,..,..,..,..,..,..,..,..,..,..,..,..,..
Portugal,PRT,"Adjusted net attendance rate, one year before the official primary entry age, adjusted gender parity index (GPIA)",UIS.NARA.AGM1.GPIA,..,..,..,..,..,..,..,..,..,..,..,..,..,..,..,..,..,..,..,..,..,..,..,..,..,..,..,..,..,..,..,..,..,..,..,..,..,..,..,..,..,..,..,..,..,..,..,..,..,..,..
Post-demographic dividend,PST,"Adjusted net attendance rate, one year before the official primary entry age, adjusted gender parity index (GPIA)",UIS.NARA.AGM1.GPIA,..,..,..,..,..,..,..,..,..,..,..,..,..,..,..,..,..,..,..,..,..,..,..,..,..,..,..,..,..,..,..,..,..,..,..,..,..,..,..,..,..,..,..,..,..,..,..,..,..,..,..
Pre-demographic dividend,PRE,"Adjusted net attendance rate, one year before the official primary entry age, adjusted gender parity index (GPIA)",UIS.NARA.AGM1.GPIA,..,..,..,..,..,..,..,..,..,..,..,..,..,..,..,..,..,..,..,..,..,..,..,..,..,..,..,..,..,..,..,..,..,..,..,..,..,..,..,..,..,..,..,..,..,..,..,..,..,..,..
Puerto Rico,PRI,"Adjusted net attendance rate, one year before the official primary entry age, adjusted gender parity index (GPIA)",UIS.NARA.AGM1.GPIA,..,..,..,..,..,..,..,..,..,..,..,..,..,..,..,..,..,..,..,..,..,..,..,..,..,..,..,..,..,..,..,..,..,..,..,..,..,..,..,..,..,..,..,..,..,..,..,..,..,..,..
Qatar,QAT,"Adjusted net attendance rate, one year before the official primary entry age, adjusted gender parity index (GPIA)",UIS.NARA.AGM1.GPIA,..,..,..,..,..,..,..,..,..,..,..,..,..,..,..,..,..,..,..,..,..,..,..,..,..,..,..,..,..,..,..,..,..,..,..,..,..,..,..,..,..,..,0.99254,..,..,..,..,..,..,..,..
Romania,ROU,"Adjusted net attendance rate, one year before the official primary entry age, adjusted gender parity index (GPIA)",UIS.NARA.AGM1.GPIA,..,..,..,..,..,..,..,..,..,..,..,..,..,..,..,..,..,..,..,..,..,..,..,..,..,..,..,..,..,..,..,..,..,..,..,..,..,..,..,..,..,..,..,..,..,..,..,..,..,..,..
Russian Federation,RUS,"Adjusted net attendance rate, one year before the official primary entry age, adjusted gender parity index (GPIA)",UIS.NARA.AGM1.GPIA,..,..,..,..,..,..,..,..,..,..,..,..,..,..,..,..,..,..,..,..,..,..,..,..,..,..,..,..,..,..,..,..,..,..,..,..,..,..,..,..,..,..,..,..,..,..,..,..,..,..,..
Rwanda,RWA,"Adjusted net attendance rate, one year before the official primary entry age, adjusted gender parity index (GPIA)",UIS.NARA.AGM1.GPIA,..,..,..,..,..,..,..,..,..,..,..,..,..,..,..,..,..,..,..,..,..,..,..,..,..,..,..,..,..,..,..,..,..,..,..,1.02143,..,..,..,..,1.02659,..,..,..,..,0.99593,..,..,..,..,..
Samoa,WSM,"Adjusted net attendance rate, one year before the official primary entry age, adjusted gender parity index (GPIA)",UIS.NARA.AGM1.GPIA,..,..,..,..,..,..,..,..,..,..,..,..,..,..,..,..,..,..,..,..,..,..,..,..,..,..,..,..,..,..,..,..,..,..,..,..,..,..,..,..,..,..,..,..,..,..,..,..,..,..,..
San Marino,SMR,"Adjusted net attendance rate, one year before the official primary entry age, adjusted gender parity index (GPIA)",UIS.NARA.AGM1.GPIA,..,..,..,..,..,..,..,..,..,..,..,..,..,..,..,..,..,..,..,..,..,..,..,..,..,..,..,..,..,..,..,..,..,..,..,..,..,..,..,..,..,..,..,..,..,..,..,..,..,..,..
Sao Tome and Principe,STP,"Adjusted net attendance rate, one year before the official primary entry age, adjusted gender parity index (GPIA)",UIS.NARA.AGM1.GPIA,..,..,..,..,..,..,..,..,..,..,..,..,..,..,..,..,..,..,..,..,..,..,..,..,..,..,..,..,..,..,..,..,..,..,..,..,..,..,..,0.9466,..,..,..,..,1.19453,..,..,..,..,..,..
Saudi Arabia,SAU,"Adjusted net attendance rate, one year before the official primary entry age, adjusted gender parity index (GPIA)",UIS.NARA.AGM1.GPIA,..,..,..,..,..,..,..,..,..,..,..,..,..,..,..,..,..,..,..,..,..,..,..,..,..,..,..,..,..,..,..,..,..,..,..,..,..,..,..,..,..,..,..,..,..,..,..,..,..,..,..
Senegal,SEN,"Adjusted net attendance rate, one year before the official primary entry age, adjusted gender parity index (GPIA)",UIS.NARA.AGM1.GPIA,..,..,..,..,..,..,..,..,..,..,..,..,..,..,..,..,..,..,..,..,..,..,..,..,..,..,..,..,..,..,..,..,..,..,..,1.01551,..,..,..,..,..,1.14981,..,..,..,..,1.00542,1.25751,..,..,..
Serbia,SRB,"Adjusted net attendance rate, one year before the official primary entry age, adjusted gender parity index (GPIA)",UIS.NARA.AGM1.GPIA,..,..,..,..,..,..,..,..,..,..,..,..,..,..,..,..,..,..,..,..,..,..,..,..,..,..,..,..,..,..,..,..,..,..,..,..,..,..,..,..,..,1.02027,..,..,0.98394,..,..,..,..,..,..
Seychelles,SYC,"Adjusted net attendance rate, one year before the official primary entry age, adjusted gender parity index (GPIA)",UIS.NARA.AGM1.GPIA,..,..,..,..,..,..,..,..,..,..,..,..,..,..,..,..,..,..,..,..,..,..,..,..,..,..,..,..,..,..,..,..,..,..,..,..,..,..,..,..,..,..,..,..,..,..,..,..,..,..,..
Sierra Leone,SLE,"Adjusted net attendance rate, one year before the official primary entry age, adjusted gender parity index (GPIA)",UIS.NARA.AGM1.GPIA,..,..,..,..,..,..,..,..,..,..,..,..,..,..,..,..,..,..,..,..,..,..,..,..,..,..,..,..,..,..,..,..,..,..,..,..,..,..,1.19663,..,..,..,..,1.13233,..,..,..,1.06426,..,..,..
Singapore,SGP,"Adjusted net attendance rate, one year before the official primary entry age, adjusted gender parity index (GPIA)",UIS.NARA.AGM1.GPIA,..,..,..,..,..,..,..,..,..,..,..,..,..,..,..,..,..,..,..,..,..,..,..,..,..,..,..,..,..,..,..,..,..,..,..,..,..,..,..,..,..,..,..,..,..,..,..,..,..,..,..
Sint Maarten (Dutch part),SXM,"Adjusted net attendance rate, one year before the official primary entry age, adjusted gender parity index (GPIA)",UIS.NARA.AGM1.GPIA,..,..,..,..,..,..,..,..,..,..,..,..,..,..,..,..,..,..,..,..,..,..,..,..,..,..,..,..,..,..,..,..,..,..,..,..,..,..,..,..,..,..,..,..,..,..,..,..,..,..,..
Slovak Republic,SVK,"Adjusted net attendance rate, one year before the official primary entry age, adjusted gender parity index (GPIA)",UIS.NARA.AGM1.GPIA,..,..,..,..,..,..,..,..,..,..,..,..,..,..,..,..,..,..,..,..,..,..,..,..,..,..,..,..,..,..,..,..,..,..,..,..,..,..,..,..,..,..,..,..,..,..,..,..,..,..,..
Slovenia,SVN,"Adjusted net attendance rate, one year before the official primary entry age, adjusted gender parity index (GPIA)",UIS.NARA.AGM1.GPIA,..,..,..,..,..,..,..,..,..,..,..,..,..,..,..,..,..,..,..,..,..,..,..,..,..,..,..,..,..,..,..,..,..,..,..,..,..,..,..,..,..,..,..,..,..,..,..,..,..,..,..
Small states,SST,"Adjusted net attendance rate, one year before the official primary entry age, adjusted gender parity index (GPIA)",UIS.NARA.AGM1.GPIA,..,..,..,..,..,..,..,..,..,..,..,..,..,..,..,..,..,..,..,..,..,..,..,..,..,..,..,..,..,..,..,..,..,..,..,..,..,..,..,..,..,..,..,..,..,..,..,..,..,..,..
Solomon Islands,SLB,"Adjusted net attendance rate, one year before the official primary entry age, adjusted gender parity index (GPIA)",UIS.NARA.AGM1.GPIA,..,..,..,..,..,..,..,..,..,..,..,..,..,..,..,..,..,..,..,..,..,..,..,..,..,..,..,..,..,..,..,..,..,..,..,..,..,..,..,..,..,..,..,..,..,..,..,..,..,..,..
Somalia,SOM,"Adjusted net attendance rate, one year before the official primary entry age, adjusted gender parity index (GPIA)",UIS.NARA.AGM1.GPIA,..,..,..,..,..,..,..,..,..,..,..,..,..,..,..,..,..,..,..,..,..,..,..,..,..,..,..,..,..,..,..,..,..,..,..,..,..,..,..,..,..,..,..,..,..,..,..,..,..,..,..
South Africa,ZAF,"Adjusted net attendance rate, one year before the official primary entry age, adjusted gender parity index (GPIA)",UIS.NARA.AGM1.GPIA,..,..,..,..,..,..,..,..,..,..,..,..,..,..,..,..,..,..,..,..,..,..,..,..,..,..,..,..,..,..,..,..,..,..,..,..,..,..,..,..,..,..,..,..,..,..,0.97841,..,..,..,..
South Asia,SAS,"Adjusted net attendance rate, one year before the official primary entry age, adjusted gender parity index (GPIA)",UIS.NARA.AGM1.GPIA,..,..,..,..,..,..,..,..,..,..,..,..,..,..,..,..,..,..,..,..,..,..,..,..,..,..,..,..,..,..,..,..,..,..,..,..,..,..,..,..,..,..,..,..,..,..,..,..,..,..,..
South Asia (IDA & IBRD),TSA,"Adjusted net attendance rate, one year before the official primary entry age, adjusted gender parity index (GPIA)",UIS.NARA.AGM1.GPIA,..,..,..,..,..,..,..,..,..,..,..,..,..,..,..,..,..,..,..,..,..,..,..,..,..,..,..,..,..,..,..,..,..,..,..,..,..,..,..,..,..,..,..,..,..,..,..,..,..,..,..
South Sudan,SSD,"Adjusted net attendance rate, one year before the official primary entry age, adjusted gender parity index (GPIA)",UIS.NARA.AGM1.GPIA,..,..,..,..,..,..,..,..,..,..,..,..,..,..,..,..,..,..,..,..,..,..,..,..,..,..,..,..,..,..,..,..,..,..,..,..,..,..,..,..,0.8014,..,..,..,..,..,..,..,..,..,..
Spain,ESP,"Adjusted net attendance rate, one year before the official primary entry age, adjusted gender parity index (GPIA)",UIS.NARA.AGM1.GPIA,..,..,..,..,..,..,..,..,..,..,..,..,..,..,..,..,..,..,..,..,..,..,..,..,..,..,..,..,..,..,..,..,..,..,..,..,..,..,..,..,..,..,..,..,..,..,..,..,..,..,..
Sri Lanka,LKA,"Adjusted net attendance rate, one year before the official primary entry age, adjusted gender parity index (GPIA)",UIS.NARA.AGM1.GPIA,..,..,..,..,..,..,..,..,..,..,..,..,..,..,..,..,..,..,..,..,..,..,..,..,..,..,..,..,..,..,..,..,..,..,..,..,0.99862,..,..,..,..,..,..,..,..,..,..,..,..,..,..
St. Kitts and Nevis,KNA,"Adjusted net attendance rate, one year before the official primary entry age, adjusted gender parity index (GPIA)",UIS.NARA.AGM1.GPIA,..,..,..,..,..,..,..,..,..,..,..,..,..,..,..,..,..,..,..,..,..,..,..,..,..,..,..,..,..,..,..,..,..,..,..,..,..,..,..,..,..,..,..,..,..,..,..,..,..,..,..
St. Lucia,LCA,"Adjusted net attendance rate, one year before the official primary entry age, adjusted gender parity index (GPIA)",UIS.NARA.AGM1.GPIA,..,..,..,..,..,..,..,..,..,..,..,..,..,..,..,..,..,..,..,..,..,..,..,..,..,..,..,..,..,..,..,..,..,..,..,..,..,..,..,..,..,..,0,..,..,..,..,..,..,..,..
St. Martin (French part),MAF,"Adjusted net attendance rate, one year before the official primary entry age, adjusted gender parity index (GPIA)",UIS.NARA.AGM1.GPIA,..,..,..,..,..,..,..,..,..,..,..,..,..,..,..,..,..,..,..,..,..,..,..,..,..,..,..,..,..,..,..,..,..,..,..,..,..,..,..,..,..,..,..,..,..,..,..,..,..,..,..
St. Vincent and the Grenadines,VCT,"Adjusted net attendance rate, one year before the official primary entry age, adjusted gender parity index (GPIA)",UIS.NARA.AGM1.GPIA,..,..,..,..,..,..,..,..,..,..,..,..,..,..,..,..,..,..,..,..,..,..,..,..,..,..,..,..,..,..,..,..,..,..,..,..,..,..,..,..,..,..,..,..,..,..,..,..,..,..,..
Sub-Saharan Africa,SSF,"Adjusted net attendance rate, one year before the official primary entry age, adjusted gender parity index (GPIA)",UIS.NARA.AGM1.GPIA,..,..,..,..,..,..,..,..,..,..,..,..,..,..,..,..,..,..,..,..,..,..,..,..,..,..,..,..,..,..,..,..,..,..,..,..,..,..,..,..,..,..,..,..,..,..,..,..,..,..,..
Sub-Saharan Africa (excluding high income),SSA,"Adjusted net attendance rate, one year before the official primary entry age, adjusted gender parity index (GPIA)",UIS.NARA.AGM1.GPIA,..,..,..,..,..,..,..,..,..,..,..,..,..,..,..,..,..,..,..,..,..,..,..,..,..,..,..,..,..,..,..,..,..,..,..,..,..,..,..,..,..,..,..,..,..,..,..,..,..,..,..
Sub-Saharan Africa (IDA & IBRD countries),TSS,"Adjusted net attendance rate, one year before the official primary entry age, adjusted gender parity index (GPIA)",UIS.NARA.AGM1.GPIA,..,..,..,..,..,..,..,..,..,..,..,..,..,..,..,..,..,..,..,..,..,..,..,..,..,..,..,..,..,..,..,..,..,..,..,..,..,..,..,..,..,..,..,..,..,..,..,..,..,..,..
Sudan,SDN,"Adjusted net attendance rate, one year before the official primary entry age, adjusted gender parity index (GPIA)",UIS.NARA.AGM1.GPIA,..,..,..,..,..,..,..,..,..,..,..,..,..,..,..,..,..,..,..,..,..,..,..,..,..,..,..,..,..,..,..,..,..,..,..,..,..,..,..,..,..,..,..,..,0.99999,..,..,..,..,..,..
Suriname,SUR,"Adjusted net attendance rate, one year before the official primary entry age, adjusted gender parity index (GPIA)",UIS.NARA.AGM1.GPIA,..,..,..,..,..,..,..,..,..,..,..,..,..,..,..,..,..,..,..,..,..,..,..,..,..,..,..,..,..,..,..,..,..,..,..,..,..,..,..,..,1.00289,..,..,..,..,..,..,..,1.02157,..,..
Sweden,SWE,"Adjusted net attendance rate, one year before the official primary entry age, adjusted gender parity index (GPIA)",UIS.NARA.AGM1.GPIA,..,..,..,..,..,..,..,..,..,..,..,..,..,..,..,..,..,..,..,..,..,..,..,..,..,..,..,..,..,..,..,..,..,..,..,..,..,..,..,..,..,..,..,..,..,..,..,..,..,..,..
Switzerland,CHE,"Adjusted net attendance rate, one year before the official primary entry age, adjusted gender parity index (GPIA)",UIS.NARA.AGM1.GPIA,..,..,..,..,..,..,..,..,..,..,..,..,..,..,..,..,..,..,..,..,..,..,..,..,..,..,..,..,..,..,..,..,..,..,..,..,..,..,..,..,..,..,..,..,..,..,..,..,..,..,..
Syrian Arab Republic,SYR,"Adjusted net attendance rate, one year before the official primary entry age, adjusted gender parity index (GPIA)",UIS.NARA.AGM1.GPIA,..,..,..,..,..,..,..,..,..,..,..,..,..,..,..,..,..,..,..,..,..,..,..,..,..,..,..,..,..,..,..,..,..,..,..,..,0.96861,..,..,..,..,..,..,..,..,..,..,..,..,..,..
Tajikistan,TJK,"Adjusted net attendance rate, one year before the official primary entry age, adjusted gender parity index (GPIA)",UIS.NARA.AGM1.GPIA,..,..,..,..,..,..,..,..,..,..,..,..,..,..,..,..,..,..,..,..,..,..,..,..,..,..,..,..,..,..,..,..,..,..,..,..,0.95418,..,..,..,..,..,0.95205,..,..,..,..,1.09324,..,..,..
Tanzania,TZA,"Adjusted net attendance rate, one year before the official primary entry age, adjusted gender parity index (GPIA)",UIS.NARA.AGM1.GPIA,..,..,..,..,..,..,..,..,..,..,..,..,..,..,..,..,..,..,..,..,..,..,..,..,..,..,..,..,..,..,..,..,..,..,1.08322,..,..,..,..,..,1.13352,..,..,..,..,1.07957,..,..,..,..,..
Thailand,THA,"Adjusted net attendance rate, one year before the official primary entry age, adjusted gender parity index (GPIA)",UIS.NARA.AGM1.GPIA,..,..,..,..,..,..,..,..,..,..,..,..,..,..,..,..,..,..,..,..,..,..,..,..,..,..,..,..,..,..,..,..,..,..,..,..,..,..,..,..,..,..,..,1.0083,..,..,0.99585,..,..,..,..
Timor-Leste,TLS,"Adjusted net attendance rate, one year before the official primary entry age, adjusted gender parity index (GPIA)",UIS.NARA.AGM1.GPIA,..,..,..,..,..,..,..,..,..,..,..,..,..,..,..,..,..,..,..,..,..,..,..,..,..,..,..,..,..,..,..,..,..,..,..,..,..,..,..,1.15158,..,..,..,..,..,..,0.96972,..,..,..,..
Togo,TGO,"Adjusted net attendance rate, one year before the official primary entry age, adjusted gender parity index (GPIA)",UIS.NARA.AGM1.GPIA,..,..,..,..,..,..,..,..,..,..,..,..,..,..,..,..,..,..,..,..,..,..,..,..,..,..,..,..,..,..,..,..,..,..,..,..,0.8831,..,..,..,1.001,..,..,..,1.07842,..,..,0.95783,..,..,..
Tokelau,TKL,"Adjusted net attendance rate, one year before the official primary entry age, adjusted gender parity index (GPIA)",UIS.NARA.AGM1.GPIA,..,..,..,..,..,..,..,..,..,..,..,..,..,..,..,..,..,..,..,..,..,..,..,..,..,..,..,..,..,..,..,..,..,..,..,..,..,..,..,..,..,..,..,..,..,..,..,..,..,..,..
Tonga,TON,"Adjusted net attendance rate, one year before the official primary entry age, adjusted gender parity index (GPIA)",UIS.NARA.AGM1.GPIA,..,..,..,..,..,..,..,..,..,..,..,..,..,..,..,..,..,..,..,..,..,..,..,..,..,..,..,..,..,..,..,..,..,..,..,..,..,..,..,..,..,..,..,..,..,..,..,..,..,..,..
Trinidad and Tobago,TTO,"Adjusted net attendance rate, one year before the official primary entry age, adjusted gender parity index (GPIA)",UIS.NARA.AGM1.GPIA,..,..,..,..,..,..,..,..,..,..,..,..,..,..,..,..,..,..,..,..,..,..,..,..,..,..,..,..,..,..,..,..,..,..,..,..,..,..,..,..,..,..,..,..,..,..,..,..,..,..,..
Tunisia,TUN,"Adjusted net attendance rate, one year before the official primary entry age, adjusted gender parity index (GPIA)",UIS.NARA.AGM1.GPIA,..,..,..,..,..,..,..,..,..,..,..,..,..,..,..,..,..,..,..,..,..,..,..,..,..,..,..,..,..,..,..,..,..,..,..,..,..,..,..,..,..,..,1.00507,..,..,..,..,..,1.00786,..,..
Turkey,TUR,"Adjusted net attendance rate, one year before the official primary entry age, adjusted gender parity index (GPIA)",UIS.NARA.AGM1.GPIA,..,..,..,..,..,..,..,..,..,..,..,..,..,..,..,..,..,..,..,..,..,..,..,..,..,..,..,..,..,..,..,..,..,..,0,..,..,..,..,..,..,..,..,..,1.01309,..,..,..,..,..,..
Turkmenistan,TKM,"Adjusted net attendance rate, one year before the official primary entry age, adjusted gender parity index (GPIA)",UIS.NARA.AGM1.GPIA,..,..,..,..,..,..,..,..,..,..,..,..,..,..,..,..,..,..,..,..,..,..,..,..,..,..,..,..,..,..,..,..,..,..,..,..,..,..,..,..,..,..,..,..,..,..,0.99217,..,..,..,..
Turks and Caicos Islands,TCA,"Adjusted net attendance rate, one year before the official primary entry age, adjusted gender parity index (GPIA)",UIS.NARA.AGM1.GPIA,..,..,..,..,..,..,..,..,..,..,..,..,..,..,..,..,..,..,..,..,..,..,..,..,..,..,..,..,..,..,..,..,..,..,..,..,..,..,..,..,..,..,..,..,..,..,..,..,..,..,..
Tuvalu,TUV,"Adjusted net attendance rate, one year before the official primary entry age, adjusted gender parity index (GPIA)",UIS.NARA.AGM1.GPIA,..,..,..,..,..,..,..,..,..,..,..,..,..,..,..,..,..,..,..,..,..,..,..,..,..,..,..,..,..,..,..,..,..,..,..,..,..,..,..,..,..,..,..,..,..,..,..,..,..,..,..
Uganda,UGA,"Adjusted net attendance rate, one year before the official primary entry age, adjusted gender parity index (GPIA)",UIS.NARA.AGM1.GPIA,..,..,..,..,..,..,..,..,..,..,..,..,..,..,..,..,..,..,..,..,..,..,..,..,..,..,..,..,..,..,..,..,..,..,..,..,1.12528,..,..,..,..,1.03611,..,..,..,..,1.02297,..,..,..,..
Ukraine,UKR,"Adjusted net attendance rate, one year before the official primary entry age, adjusted gender parity index (GPIA)",UIS.NARA.AGM1.GPIA,..,..,..,..,..,..,..,..,..,..,..,..,..,..,..,..,..,..,..,..,..,..,..,..,..,..,..,..,..,..,..,..,..,..,..,..,..,0.70982,..,..,..,..,..,1.03048,..,..,..,..,..,..,..
United Arab Emirates,ARE,"Adjusted net attendance rate, one year before the official primary entry age, adjusted gender parity index (GPIA)",UIS.NARA.AGM1.GPIA,..,..,..,..,..,..,..,..,..,..,..,..,..,..,..,..,..,..,..,..,..,..,..,..,..,..,..,..,..,..,..,..,..,..,..,..,..,..,..,..,..,..,..,..,..,..,..,..,..,..,..
United Kingdom,GBR,"Adjusted net attendance rate, one year before the official primary entry age, adjusted gender parity index (GPIA)",UIS.NARA.AGM1.GPIA,..,..,..,..,..,..,..,..,..,..,..,..,..,..,..,..,..,..,..,..,..,..,..,..,..,..,..,..,..,..,..,..,..,..,..,..,..,..,..,..,..,..,..,..,..,..,..,..,..,..,..
United States,USA,"Adjusted net attendance rate, one year before the official primary entry age, adjusted gender parity index (GPIA)",UIS.NARA.AGM1.GPIA,..,..,..,..,..,..,..,..,..,..,..,..,..,..,..,..,..,..,..,..,..,..,..,..,..,..,..,..,..,..,..,..,..,..,..,..,..,..,..,..,..,..,..,..,..,1,1,1,..,..,..
Upper middle income,UMC,"Adjusted net attendance rate, one year before the official primary entry age, adjusted gender parity index (GPIA)",UIS.NARA.AGM1.GPIA,..,..,..,..,..,..,..,..,..,..,..,..,..,..,..,..,..,..,..,..,..,..,..,..,..,..,..,..,..,..,..,..,..,..,..,..,..,..,..,..,..,..,..,..,..,..,..,..,..,..,..
Uruguay,URY,"Adjusted net attendance rate, one year before the official primary entry age, adjusted gender parity index (GPIA)",UIS.NARA.AGM1.GPIA,..,..,..,..,..,..,..,..,..,..,..,..,..,..,..,..,..,..,..,..,..,..,..,..,..,..,..,..,..,..,..,..,..,..,..,..,..,..,1.00353,1.02282,1.01933,1.00951,0.99094,0.94121,1.00484,1.00435,1.00616,0.99526,0.99808,..,..
Uzbekistan,UZB,"Adjusted net attendance rate, one year before the official primary entry age, adjusted gender parity index (GPIA)",UIS.NARA.AGM1.GPIA,..,..,..,..,..,..,..,..,..,..,..,..,..,..,..,..,..,..,..,..,..,..,..,..,..,..,..,..,..,..,..,..,..,..,..,..,1.00297,..,..,..,..,..,..,..,..,..,..,..,..,..,..
Vanuatu,VUT,"Adjusted net attendance rate, one year before the official primary entry age, adjusted gender parity index (GPIA)",UIS.NARA.AGM1.GPIA,..,..,..,..,..,..,..,..,..,..,..,..,..,..,..,..,..,..,..,..,..,..,..,..,..,..,..,..,..,..,..,..,..,..,..,..,..,1.06931,..,..,..,..,..,..,..,..,..,..,..,..,..
"Venezuela, RB",VEN,"Adjusted net attendance rate, one year before the official primary entry age, adjusted gender parity index (GPIA)",UIS.NARA.AGM1.GPIA,..,..,..,..,..,..,..,..,..,..,..,..,..,..,..,..,..,..,..,..,..,..,..,..,..,..,..,..,..,..,1.02971,1.01865,1.02025,1.02514,0.9882,1.02923,1.01304,1.01101,0.98831,0.99901,1.00153,0.99582,1.01064,1.01269,1.02279,..,..,..,..,..,..
Vietnam,VNM,"Adjusted net attendance rate, one year before the official primary entry age, adjusted gender parity index (GPIA)",UIS.NARA.AGM1.GPIA,..,..,..,..,..,..,..,..,..,..,..,..,..,..,..,..,..,..,..,..,..,..,..,..,..,..,..,..,..,..,..,..,..,..,..,..,..,..,..,..,..,1.01038,..,..,1.00242,..,..,..,..,..,..
Virgin Islands (U.S.),VIR,"Adjusted net attendance rate, one year before the official primary entry age, adjusted gender parity index (GPIA)",UIS.NARA.AGM1.GPIA,..,..,..,..,..,..,..,..,..,..,..,..,..,..,..,..,..,..,..,..,..,..,..,..,..,..,..,..,..,..,..,..,..,..,..,..,..,..,..,..,..,..,..,..,..,..,..,..,..,..,..
West Bank and Gaza,PSE,"Adjusted net attendance rate, one year before the official primary entry age, adjusted gender parity index (GPIA)",UIS.NARA.AGM1.GPIA,..,..,..,..,..,..,..,..,..,..,..,..,..,..,..,..,..,..,..,..,..,..,..,..,..,..,..,..,..,..,..,..,..,..,..,..,..,..,..,..,..,..,..,..,0.96728,..,..,..,..,..,..
World,WLD,"Adjusted net attendance rate, one year before the official primary entry age, adjusted gender parity index (GPIA)",UIS.NARA.AGM1.GPIA,..,..,..,..,..,..,..,..,..,..,..,..,..,..,..,..,..,..,..,..,..,..,..,..,..,..,..,..,..,..,..,..,..,..,..,..,..,..,..,..,..,..,..,..,..,..,..,..,..,..,..
"Yemen, Rep.",YEM,"Adjusted net attendance rate, one year before the official primary entry age, adjusted gender parity index (GPIA)",UIS.NARA.AGM1.GPIA,..,..,..,..,..,..,..,..,..,..,..,..,..,..,..,..,..,..,..,..,..,..,..,..,..,..,..,..,..,..,..,..,..,..,..,..,0.61238,..,..,..,..,..,..,1.08035,..,..,..,..,..,..,..
Zambia,ZMB,"Adjusted net attendance rate, one year before the official primary entry age, adjusted gender parity index (GPIA)",UIS.NARA.AGM1.GPIA,..,..,..,..,..,..,..,..,..,..,..,..,..,..,..,..,..,..,..,..,..,..,..,..,..,..,..,..,..,..,..,1.0223,..,..,..,..,..,1.04479,..,..,..,..,..,1.07583,..,..,..,..,0.96165,..,..
Zimbabwe,ZWE,"Adjusted net attendance rate, one year before the official primary entry age, adjusted gender parity index (GPIA)",UIS.NARA.AGM1.GPIA,..,..,..,..,..,..,..,..,..,..,..,..,..,..,..,..,..,..,..,..,..,..,..,..,..,..,..,..,..,..,..,..,..,..,..,1.07055,..,..,..,..,1.02691,..,..,..,..,1.05566,..,..,..,0.9735,..
,,,,,,,,,,,,,,,,,,,,,,,,,,,,,,,,,,,,,,,,,,,,,,,,,,,,,,
,,,,,,,,,,,,,,,,,,,,,,,,,,,,,,,,,,,,,,,,,,,,,,,,,,,,,,
,,,,,,,,,,,,,,,,,,,,,,,,,,,,,,,,,,,,,,,,,,,,,,,,,,,,,,
Data from database: Education Statistics - All Indicators,,,,,,,,,,,,,,,,,,,,,,,,,,,,,,,,,,,,,,,,,,,,,,,,,,,,,,
Last Updated: 12/20/2020,,,,,,,,,,,,,,,,,,,,,,,,,,,,,,,,,,,,,,,,,,,,,,,,,,,,,,
